map_id,indication_name_de,indication_name_fr,indication_name_it,code_value,bag_dossier_no,product_name,source_limitation_code
1,symptomatischen Anämie bei erwachsenen Tumorpatienten/innen,anémie symptomatique chez les patients cancéreux adultes,anemia sintomatica in pazienti adulti colpiti da tumore,17807.01,17807,Aranesp,ARANESP5
2,Myelodysplastisches Syndrom der Risikogruppen low oder intermediate-1: 17807.3,Syndromes myélodysplasiques des groupes à risque low ou intermédiate-1: 17807.3,Sindromi mielodisplastiche a rischio basso o intermedio-1: 17807.3,17807.02,17807,Aranesp,ARANESP6
3,Kolorektalkarzinom,Carcinome colorectal,Carcinoma del colon-retto,18082.01,18082,Avastin,AVASTIN.01
4,Lungenkarzinom,Carcinome pulmonaire,Carcinoma polmonare,18082.02,18082,Avastin,AVASTIN.02
5,Nierenzellkarzinom,Carcinome rénal,Carcinoma a cellule renali,18082.03,18082,Avastin,AVASTIN.03
6,Mammakarzinom,Carcinome mammaire,Carcinoma mammario,18082.04,18082,Avastin,AVASTIN.04
7,Ovarialkarzinom,Carcinome Ovarien,Carcinoma ovarico,18082.05,18082,Avastin,AVASTIN.05
8,Zervixkarzinom,Cancer du col utérin,Carcinoma della cervice uterina,18082.06,18082,Avastin,AVASTIN.06
9,Glioblastom,Glioblastome,Glioblastoma,18082.07,18082,Avastin,AVASTINGLIO
10,AVASTIN in Kombination mit Atezolizumab (TECENTRIQ) zur Behandlung des inoperablen oder metastasierten hepatozellulären Karzinoms (HCC) | zusätzlich,AVASTIN en association avec l’atezolizumab (TECENTRIQ) pour le traitement du carcinome hépatocellulaire inopérable ou métastatique (CHC) | respecter également,AVASTIN in associazione con atezolizumab (TECENTRIQ) per il trattamento del carcinoma epatocellulare non resecabile o metastatico (HCC) | inoltre,18082.08,18082,Avastin,AVASTINHCC
11,Kolorektalkarzinom,Carcinome colorectal,Carcinoma del colon-retto,21264.01,21264,Bevacizumab-Teva,BEVACIZUM.01
12,Lungenkarzinom,Carcinome pulmonaire,Carcinoma polmonare,21264.02,21264,Bevacizumab-Teva,BEVACIZUM.02
13,Nierenzellkarzinom,Carcinome rénal,Carcinoma a cellule renali,21264.03,21264,Bevacizumab-Teva,BEVACIZUM.03
14,Mammakarzinom,Carcinome mammaire,Carcinoma mammario,21264.04,21264,Bevacizumab-Teva,BEVACIZUM.04
15,Ovarialkarzinom,Carcinome Ovarien,Carcinoma ovarico,21264.05,21264,Bevacizumab-Teva,BEVACIZUM.05
16,Zervixkarzinom,Cancer du col utérin,Carcinoma della cervice uterina,21264.06,21264,Bevacizumab-Teva,BEVACIZUM.06
17,Glioblastom,Glioblastome,Glioblastoma,21264.07,21264,Bevacizumab-Teva,BEVACIZUMAB4
18,BEVACIZUMAB-TEVA in Kombination mit Atezolizumab (TECENTRIQ) zur Behandlung des inoperablen oder metastasierten hepatozellulären Karzinoms (HCC),BEVACIZUMAB-TEVA en association avec l’atezolizumab (TECENTRIQ) pour le traitement du carcinome hépatocellulaire inopérable ou métastatique (CHC),BEVACIZUMAB-TEVA in associazione con atezolizumab (TECENTRIQ) per il trattamento del carcinoma epatocellulare non resecabile o metastatico (HCC),21264.08,21264,Bevacizumab-Teva,BEVACIZUMABK
19,Kombination DECITABIN SANDOZ und Venetoclax,Association de DECITABIN SANDOZ au vénétoclax,DECITABIN SANDOZ in combinazione con venetoclax,21512.01,21512,Decitabin Sandoz,DECITABSA.01
20,Patienten mit Hämophilie A mit Hemmkörpern,Patients atteints d’hémophilie A avec inhibiteurs,Pazienti con emofilia A e inibitori,20818.01,20818,Hemlibra,HEMLIBRAHAM
21,Patienten mit Hämophilie A ohne Hemmkörper,Patients atteints d’hémophilie A sans inhibiteurs,Pazienti con emofilia A senza inibitori,20818.02,20818,Hemlibra,HEMLIBRAHAO
22,Für beide Indikation gelten folgende Vergütungsvoraussetzungen:,"Pour les deux indications, les conditions de remboursement suivantes s’appliquent:",Per entrambe le indicazioni valgono le seguenti condizioni di rimborso:,20818.03,20818,Hemlibra,HEMLIBRAV
23,Weitere Indikationen,Autres indications,Altre indicazioni,17354.02,17354,Herceptin,HERCEPERJ.02
24,Weitere Indikationen,Autres indications,Altre indicazioni,21304.02,21304,Herzuma,HERZUPERJ.02
25,NSCLC,CPNPC,NSCLC,20791.01,20791,Imfinzi,IMFINZI2
26,SCLC,CPPC,SCLC,20791.02,20791,Imfinzi,IMFINZIBEFR
27,KANJINTI in Kombination mit Pertuzumab (PERJETA) als adjuvante Therapie des Mammakarzinoms | zusätzlich,KANJINTI en association avec le pertuzumab (PERJETA) comme traitement adjuvant du cancer du sein | en plus,KANJINTI in associazione con pertuzumab (PERJETA) come terapia adiuvante per il carcinoma mammario | inoltre,21018.01,21018,Kanjinti,KANJINTI.01
28,Weitere Indikationen,Autres indications,Altre indicazioni,21018.02,21018,Kanjinti,KANJINTI.02
29,Für alle vergütungspflichtigen Indikationen gilt: | Eine Kostengutsprache hat den entsprechenden Indikationscode (20416.XX) zu enthalten.,Valable pour toutes les indications remboursées: | Une garantie de prise en charge doit contenir le code correspondant à l’indication (20416.XX).,A tutte le indicazioni con obbligo di rimunerazione si applica quanto segue: | Tale garanzia di assunzione dei costi deve contenere il codice di indicazione corrispondente (20416.XX).,20416.XX,20416,Keytruda,KEYTRUDA.XX
30,1L NSCLC (Monotherapie) KN024,1L NSCLC (monothérapie) KN024,1L NSCLC (monoterapia) KN024,20416.01,20416,Keytruda,KEYTRUDA.01
31,1L nicht-plattenepitheliales NSCLC (in Kombination mit Pemetrexed und Platin-Chemotherapie) KN189,1L NSCLC non-épidermoïde (en association à une chimiothérapie avec pémétrexed + sel de platine) KN189,1L NSCLC non squamoso (in associazione a pemetrexed e chemioterapia a base di platino) KN189,20416.02,20416,Keytruda,KEYTRUDA.02
32,1L plattenepitheliales NSCLC (in Kombination mit Carboplatin und Paclitaxel) KN407,1L NSCLC épidermoïde (en association au carboplatine et au paclitaxel) KN407,1L NSCLC squamoso (in associazione a carboplatino e paclitaxel) KN407,20416.03,20416,Keytruda,KEYTRUDA.03
33,2L NSCLC (Monotherapie) KN010,2L NSCLC (monothérapie) KN010,2L NSCLC (monoterapia) KN010,20416.04,20416,Keytruda,KEYTRUDA.04
34,Melanom (Monotherapie) KN006,Mélanome (monothérapie) KN006,Melanoma (monoterapia) KN006,20416.05,20416,Keytruda,KEYTRUDA.05
35,Melanom adjuvant (Monotherapie) KN054 | nach AJCC 7th edition: | nach AJCC 8th edition:,Mélanome adjuvant (monothérapie) KN054,Melanoma adiuvante (monoterapia) KN054,20416.06,20416,Keytruda,KEYTRUDA.06
36,Urothelkarzinom (Monotherapie) KN045,Carcinome urothélial (monothérapie) KN045,Carcinoma uroteliale (monoterapia) KN045,20416.07,20416,Keytruda,KEYTRUDA.07
37,1L Plattenepithelkarziom im Kopf- und Halsbereich (HNSCC) (in Kombination mit Platin- und 5-Fluorouracil (5-FU)-haltiger Chemotherapie) KN048,1L Carcinome épidermoïde de la tête et du cou (HNSCC) (en association à une chimiothérapie à base de sels de platine et de 5-fluorouracile (5-FU)) KN048,1L Carcinoma a cellule squamose della testa e del collo (HNSCC) (in associazione a chemioterapia a base di platino e 5-fluorouracile (5-FU)) KN048,20416.08,20416,Keytruda,KEYTRUDA.08
38,Vorbehandelte Patienten mit einem Plattenepithelkarzinom im Kopf- und Halsbereich nach platinbasierter Chemotherapie (HNSCC) (Monotherapie) KN040,Patients atteints d’un carcinome épidermoïde de la tête et du cou (HNSCC) prétraités par une chimiothérapie à base de sels de platine (monothérapie) KN040,Pazienti pretrattati con carcinoma a cellule squamose della testa e del collo dopo chemioterapia a base di platino (HNSCC) (monoterapia) KN040,20416.09,20416,Keytruda,KEYTRUDA.09
39,Klassisches Hodgkin-Lymphom (Monotherapie) bei erwachsenen Patienten KN204,Lymphome de Hodgkin classique (monothérapie) chez les patients adultes KN204,Linfoma di Hodgkin classico (monoterapia) nei pazienti adulti KN204,20416.10,20416,Keytruda,KEYTRUDA.10
40,Klassisches Hodgkin-Lymphom (Monotherapie) bei pädiatrischen Patienten KN051,Lymphome de Hodgkin classique (monothérapie) chez des patients pédiatriques KN051,Linfoma di Hodgkin classico (monoterapia) nei pazienti pediatrici KN051,20416.11,20416,Keytruda,KEYTRUDA.11
41,3L Primäres mediastinales grosszelliges B-Zell-Lymphom (rrPMBCL) (Monotherapie) KN170,3L Lymphome médiastinal primitif à grandes cellules B (rrPMBCL) (monothérapie) KN170,3L Linfoma primario del mediastino a grandi cellule B (rrPMBCL) (monoterapia) KN170,20416.12,20416,Keytruda,KEYTRUDA.12
42,1L metastasiertes kolorektales Karzinom (CRC) mit hoher Mikrosatelliteninstabilität (MSI-H) (Monotherapie) KN177,1L Carcinome colorectal (CRC) métastatique avec forte instabilité microsatellitaire (MSI-H) (monothérapie) KN177,1L carcinoma colorettale (CRC) metastatico ad alta instabilità microsatellitare (MSI-H) (monoterapia) KN177,20416.13,20416,Keytruda,KEYTRUDA.13
43,2L nicht resezierbares metastasiertes kolorektales Karzinom (CRC) mit hoher Mikrosatelliteninstabilität (MSI-H) (Monotherapie) KN164,2L Carcinome colorectal (CRC) non résécable ou métastatique avec forte instabilité microsatellitaire (MSI-H) (monothérapie) KN164,2L carcinoma colorettale (CRC) metastatico non resecabile ad alta instabilità microsatellitare (MSI-H) (monoterapia) KN164,20416.14,20416,Keytruda,KEYTRUDA.14
44,"2L Endometriumkarzinom, Magenkarzinom, Dünndarmkarzinom oder Gallengangskarzinom mit hoher Mikrosatelliteninstabilität (MSI-H) (Monotherapie) KN158","2L Carcinomes de l’endomètre, de l’estomac, de l’intestin grêle ou des voies biliaires avec forte instabilité microsatellitaire (MSI-H) (monothérapie) KN158","2L carcinoma endometriale, carcinoma gastrico, carcinoma dell’intestino tenue o colangiocarcinoma ad alta instabilità microsatellitare (MSI-H) (monoterapia) KN158",20416.15,20416,Keytruda,KEYTRUDA.15
45,"1L Persistierendes, rezidivierendes oder metastasiertes Zervixkarzinom (in Kombination mit Platin-Chemotherapie und Paclitaxel, mit oder ohne Bevacizumab) KN826",,"1L Carcinoma cervicale persistente, recidivante o metastatico (in associazione con la chemioterapia contenente platino e paclitaxel, con o senza bevacizumab) KN826",20416.16,20416,Keytruda,KEYTRUDA.16
46,"Lokal rezidiverendes, nicht resezierbares oder metastasiertes triple-negatives Mammakarzinom (in Kombination mit Chemotherapie) KN 355","Cancer du sein triple négatif (TNBC) localement récidivant, non résécable ou métastatique (en association à une chimiothérapie) KN355","Carcinoma mammario triplo negativo (TNBC) localmente recidivante, non resecabile o metastatico (in associazione con la chemioterapia) KN355",20416.17,20416,Keytruda,KEYTRUDA.17
47,Kolorektales Karzinom,Cancer colorectal,Carcinoma colorettale,20642.01,20642,Lonsurf,LONSURF4
48,Magenkarzinom,Cancer gastrique,Cancro gastrico,20642.02,20642,Lonsurf,LONSURF3
49,Ovarialkarzinom nach Erstlinienchemotherapie | Monotherapie,Cancer de l’ovaire après chimiothérapie de première ligne | Monothérapie,Carcinoma ovarico in seguito a chemioterapia di prima linea | Monoterapia,20852.01,20852,Lynparza,LYNPARZA.01
50,Ovarialkarzinom nach Erstlinienchemotherapie | Kombinationstherapie mit Bevacizumab,Cancer de l’ovaire après chimiothérapie de première ligne | Traitement en association avec le bévacizumab,Carcinoma ovarico in seguito a terapia di prima linea | Terapia combinata con bevacizumab,20852.02,20852,Lynparza,LYNPARZA.02
51,Ovarialkarzinom nach Rezidiv,Cancer de l’ovaire récidivant après chimiothérapie,Carcinoma ovarico recidivante,20852.03,20852,Lynparza,LYNPARZA.03
52,Frühes Hochrisiko-Mammakarzinom,Cancer du sein de stade précoce à haut risque,Carcinoma mammario precoce ad alto rischio,20852.04,20852,Lynparza,LYNPARZA.04
53,Pankreaskarzinom nach Erstlinientherapie,Cancer du pancréas après thérapie de première ligne,Carcinoma pancreatico in seguito a terapia di prima linea,20852.05,20852,Lynparza,LYNPARZA.05
54,Prostatakarzinom,Cancer de la prostate,Carcinoma prostatico,20852.06,20852,Lynparza,LYNPARZA.06
55,Melanom metastasierend,Mélanome métastatique,Melanoma metastatico,20484.01,20484,Mekinist,MEKINIST7
56,Melanom adjuvant,Mélanome adjuvant,Melanoma adiuvante,20484.02,20484,Mekinist,MEKINIST8
57,Kolorektalkarzinom,Carcinome colorectal,Carcinoma del colon-retto,21084.01,21084,Mvasi,MVASI.01
58,Lungenkarzinom,Carcinome pulmonaire,Carcinoma polmonare,21084.02,21084,Mvasi,MVASI.02
59,Nierenzellkarzinom,Carcinome rénal,Carcinoma a cellule renali,21084.03,21084,Mvasi,MVASI.03
60,Mammakarzinom,Carcinome mammaire,Carcinoma mammario,21084.04,21084,Mvasi,MVASI.04
61,Ovarialkarzinom,Carcinome Ovarien,Carcinoma ovarico,21084.05,21084,Mvasi,MVASI.05
62,Zervixkarzinom,Cancer du col utérin,Carcinoma della cervice uterina,21084.06,21084,Mvasi,MVASI.06
63,Glioblastom,Glioblastome,Glioblastoma,21084.07,21084,Mvasi,MVASIGLIO2
64,MVASI in Kombination mit Atezolizumab (TECENTRIQ) zur Behandlung des inoperablen oder metastasierten hepatozellulären Karzinoms (HCC),MVASI en association avec l’atezolizumab (TECENTRIQ) pour le traitement du carcinome hépatocellulaire inopérable ou métastatique (CHC),MVASI in associazione con atezolizumab (TECENTRIQ) per il trattamento del carcinoma epatocellulare non resecabile o metastatico (HCC),21084.08,21084,Mvasi,MVASIKOM
65,Kolorektalkarzinom,Carcinome colorectal,Carcinoma del colon-retto,21084.04,21084,Mvasi,MVASI.01
66,Schweres eosinophiles Asthma,Asthme éosinophilique sévère,Asma eosinofilo severo,20455.01,20455,Nucala,NUCALA.01
67,Chronische Rhinosinusitis mit Nasenpolypen (CRSwNP) | Fr. 58.55 | Fr. 175.63,Rhinosinusite chronique avec polypes nasaux (RSCaPN) | Fr. 58.55 | Fr. 175.63,Rinosinusite cronica con polipi nasali (CRSwNP) | CHF 175.63,20455.02,20455,Nucala,NUCALA.02
72,Weitere Indikationen,Autres indications,Altre indicazioni,21087.02,21087,Ogivri,OGIVRPERJ.02
74,Vor Therapiebeginn: | Therapiefortführung: | Therapieabbruch:,Avant le début du traitement: | Poursuite du traitement: | Arrêt du traitement:,Prima dell’inizio della terapia: | Continuazione della terapia: | Interruzione della terapia:,20959.01,20959,Onpattro,ONPATTRO
75,Melanom adjuvant 20461.07 | Monotherapie,Mélanome adjuvant 20461.07 | monothérapie,Melanoma adiuvante 20461.07 | monoterapia,20461.06,20461,Opdivo,OPDIVOMELAD6
76,UND | UND | ODER | ODER | ODER,ET | ET | OU | OU | OU,E | E | OPPURE | OPPURE | OPPURE,20543.01,20543,Orkambi,ORKAMBI
78,Kolorektalkarzinom,Carcinome colorectal,Carcinoma del colon-retto,21272.01,21272,Oyavas,OYAVAS.01
79,Lungenkarzinom,Carcinome pulmonaire,Carcinoma polmonare,21272.02,21272,Oyavas,OYAVAS.02
80,Nierenzellkarzinom,Carcinome rénal,Carcinoma a cellule renali,21272.03,21272,Oyavas,OYAVAS.03
81,Mammakarzinom,Carcinome mammaire,Carcinoma mammario,21272.04,21272,Oyavas,OYAVAS.04
82,Ovarialkarzinom,Carcinome Ovarien,Carcinoma ovarico,21272.05,21272,Oyavas,OYAVAS.05
83,Zervixkarzinom,Cancer du col utérin,Carcinoma della cervice uterina,21272.06,21272,Oyavas,OYAVAS.06
84,Glioblastom,Glioblastome,Glioblastoma,21272.07,21272,Oyavas,OYAVASGLIO2
85,OYAVAS in Kombination mit Atezolizumab (TECENTRIQ) zur Behandlung des inoperablen oder metastasierten hepatozellulären Karzinoms (HCC) | zusätzlich,OYAVAS en association avec l’atezolizumab (TECENTRIQ) pour le traitement du carcinome hépatocellulaire inopérable ou métastatique (CHC) | respecter également,OYAVAS in associazione con atezolizumab (TECENTRIQ) per il trattamento del carcinoma epatocellulare non resecabile o metastatico (HCC) | inoltre,21272.08,21272,Oyavas,OYAVASHCC
86,2L NSCLC:,2L NSCLC:,2L NSCLC:,21209.01,21209,Retsevmo,RETSEVMO
87,Schwere Plaque-Psoriasis:,Formes sévères de psoriasis en plaque:,Psoriasi a placche severa:,21327.01,21327,Skyrizi,SKYRIZI.Plaq
88,Psoriasis-Arthritis:,Arthrite psoriasique:,Artrite psoriasica:,21327.02,21327,Skyrizi,SKYRIZI.Arth
89,"Behandlung von Erwachsenen, Kindern und Jugendlichen mit paroxysmaler nächtlicher Hämoglobinurie (PNH)","Traitement des adultes, enfants et adolescents atteints avec Hémoglobinurie Paroxystique Nocturne (HPN)",,19016.01,19016,Soliris,SOLIRIS2
90,"Behandlung von Erwachsenen, Kindern und Jugendlichen mit atypischem Hämolytisch-Urämischen Syndrom (aHUS) | Therapiefortsetzung","Traitement des adultes, enfants et adolescents atteints avec le Syndrome Hémolytique et Urémique atypique (SHU atypique) | Poursuite du traitement",Trattamento di pazienti adulti e pediatrici affetti dal sindrome emolitico-uremica atipica (SEUa) | Prosecuzione della terapia,19016.02,19016,Soliris,SOLIRIS5
91,"Indikationsübergreifende Limitatio (CRC, GIST und HCC) | Kolorektalkarzinom (CRC) | Gastrointestinale Stromatumoren (GIST) | Leberzellkarzinom (HCC)","Limitation valide pour toutes les indications (CCR, GIST et CHC) | Carcinome colorectal (CCR) | Tumeurs stromales gastro-intestinales (GIST) | Carcinome hépatocellulaire (CHC)","Limitazione per tutte le indicazioni (CRC, GIST e HCC) | Carcinoma del colon-retto (CRC) | Tumori stromali gastrointestinali (GIST) | Carcinoma epatocellulare (HCC)",20050.01,20050,Stivarga,STIVARGA3
92,UND | UND | ODER | ODER | ODER | ODER,ET | ET | OU | OU | OU | OU,E | E | OPPURE | OPPURE | OPPURE | OPPURE,20914.01,20914,Symdeko,SYMDEKO
93,Melanom metastasierend,Mélanome métastatique,Melanoma metastatico,20115.01,20115,Tafinlar,MEKINIST7
94,Melanom adjuvant,Mélanome adjuvant,Melanoma adiuvante,20115.02,20115,Tafinlar,MEKINIST8
95,2L NSCLC,2L CBNPC,2L NSCLC,20518.02,20518,Tagrisso,TAGRISSO2L
96,2L NSCLC,2L du CPNPC,Trattamento di 2a linea del NSCLC,20641.01,20641,Tecentriq,TECENTR.01
97,SCLC,CPPC,SCLC,20641.02,20641,Tecentriq,TECENTR.02
98,HCC,CHC,HCC,20641.03,20641,Tecentriq,TECENTR.03
99,"NSCLC im Frühstadium, adjuvant","CPNPC au stade précoce, en adjuvant","NSLCL in fase iniziale, adiuvante",20641.04,20641,Tecentriq,TECENTR.04
100,Vor Therapiebeginn: | Therapiefortführung: | Therapieabbruch:,Avant le début du traitement: | Poursuite du traitement: | Arrêt du traitement:,Prima dell’inizio della terapia: | Continuazione della terapia: | Interruzione della terapia:,21287.01,21287,Tegsedi,TEGSEDI
101,Weitere Indikationen,Autres indications,Altre indicazioni,20966.02,20966,Trazimera,TRAZIPERJ.02
102,Plaque Psoriasis,Psoriasis en plaque:,Psoriasi a placche:,20752.01,20752,Tremfya,TREMFYAPP2
103,Psoriasis-Arthritis,Arthrite psoriasique,Artrite psoriasica,20752.02,20752,Tremfya,TREMFYA2
104,Plaque Psoriasis,Psoriasis en plaque:,Psoriasi a placche:,21007.01,21007,Tremfya,TREMFYAPP2
105,Psoriasis-Arthritis,Arthrite psoriasique,Artrite psoriasica,21007.02,21007,Tremfya,TREMFYA2
106,ODER,OU,OPPURE,21144.01,21144,Trikafta,TRIKAFTA2
107,UND | ODER | ODER | ODER | ODER,ET | OU | OU | OU | OU,E | OPPURE | OPPURE | OPPURE | OPPURE,21144.02,21144,Trikafta,TRIKAFTA1
108,triple-negatives Mammakarzinom (TNBC),cancer du sein triple négatif (TNBC),con carcinoma mammario triplo negativo (TNBC),21290.01,21290,Trodelvy,TRODELVYTNBC
109,NYHA I bis II | Vor Therapiebeginn: | Therapiefortführung: | Therapieabbruch:,NYHA I à II | Avant le début du traitement: | Poursuite du traitement: | Arrêt du traitement:,NYHA I-II | Prima dell’inizio della terapia: | Continuazione della terapia: | Interruzione della terapia:,21057.01,21057,Vyndaqel,VYNDAQEL2
110,Kolorektalkarzinom,Carcinome colorectal,Carcinoma del colon-retto,21090.01,21090,Zirabev,ZIRABEV.01
111,Lungenkarzinom,Carcinome pulmonaire,Carcinoma polmonare,21090.02,21090,Zirabev,ZIRABEV.02
112,Nierenzellkarzinom,Carcinome rénal,Carcinoma a cellule renali,21090.03,21090,Zirabev,ZIRABEV.03
113,Ovarialkarzinom,Carcinome Ovarien,Carcinoma ovarico,21090.05,21090,Zirabev,ZIRABEV.05
114,Zervixkarzinom,Cancer du col utérin,Carcinoma della cervice uterina,21090.06,21090,Zirabev,ZIRABEV.06
115,Glioblastom,Glioblastome,Glioblastoma,21090.07,21090,Zirabev,ZIRABEVGLIO2
116,Ovarialkarzinom nach Erstlinienchemotherapie | Kombinationstherapie mit Lynparza (Olaparib),Cancer de l’ovaire après chimiothérapie de première ligne | Traitement en association avec Lynparza (olaparib),Carcinoma ovarico in seguito a terapia di prima linea | Terapia combinata con Lynparza (olaparib),21090.08,21090,Zirabev,ZIRABEVlynp2
117,ZIRABEV in Kombination mit Atezolizumab (TECENTRIQ) zur Behandlung des inoperablen oder metastasierten hepatozellulären Karzinoms (HCC) | zusätzlich,ZIRABEV en association avec l’atezolizumab (TECENTRIQ) pour le traitement du carcinome hépatocellulaire inopérable ou métastatique (CHC) | respecter également,ZIRABEV in associazione con atezolizumab (TECENTRIQ) per il trattamento del carcinoma epatocellulare non resecabile o metastatico (HCC) | inoltre,21090.09,21090,Zirabev,ZIRABEVhcc
118,Renale Anämie bei Niereninsuffizienz: 17807.1,Anémie rénale lors d'une insuffisance rénale: 17807.1,Anemia renale nel caso di un'insufficienza renale: 17807.1,17807.01,17807,Aranesp,ARANESP4
119,symptomatischen Anämie bei erwachsenen Tumorpatienten/innen,anémie symptomatique chez les patients cancéreux adultes,anemia sintomatica in pazienti adulti colpiti da tumore,17807.02,17807,Aranesp,ARANESP5
120,Myelodysplastisches Syndrom der Risikogruppen low oder intermediate-1: 17807.3,Syndromes myélodysplasiques des groupes à risque low ou intermédiate-1: 17807.3,Sindromi mielodisplastiche a rischio basso o intermedio-1: 17807.3,17807.03,17807,Aranesp,ARANESP6
137,Kombination DACOGEN und Venetoclax,Association de DACOGEN au vénétoclax,DACOGEN in combinazione con venetoclax,19990.01,19990,Dacogen,DACOGEN.01
138,1L NSCLC,1L CPNPC,1L NSCLC,20791.01,20791,Imfinzi,IMFINZI.01
139,2L SCLC,2L CPPC,2L SCLC,20791.02,20791,Imfinzi,IMFINZI.02
157,1L NSCLC,1L CBNPC,1L NSCLC,20518.01,20518,Tagrisso,TAGRISSO.01
171,Mammakarzinom,Carcinome mammaire,Carcinoma mammario,21090.04,21090,Zirabev,ZIRABEV.04
174,3L Follikuläres Lymphom,Lymphome folliculaire 3L,Linfoma follicolare 3L,21522.01,21522,Lunsumio,LUNSUMIO.01
175,Für beide Indikationen gelten folgende Vergütungsvoraussetzungen:,"Pour les deux indications, les conditions de remboursement suivantes s’appliquent:",Per entrambe le indicazioni valgono le seguenti condizioni di rimborso:,20818.03,20818,Hemlibra,HEMLIBRAV
176,"1L chronisch lymphatische Leukämie, uIGHV (CLL, Monotherapie)","Leucémie lymphoïde chronique en 1ère ligne, uIGHV (LLC, monothérapie)","1L Leucemia linfatica cronica, uIGHV (LLC, monoterapia)",21011.01,21011,Imbruvica,IMBRUVICA.01
177,"1L chronisch lymphatische Leukämie, uIGHV (CLL, Kombinationstherapie)","Leucémie lymphoïde chronique en 1ère ligne, uIGHV (LLC, thérapie combinée)","1L Leucemia linfatica cronica, uIGHV (LLC, terapia in combinazione)",21011.02,21011,Imbruvica,IMBRUVICA.02
178,"1L chronisch lymphatische Leukämie, 17p-Deletion oder TP53-Mutation (CLL, Monotherapie)","Leucémie lymphoïde chronique en 1ère ligne, délétion 17p ou mutation TP53 (LLC, monothérapie)","1L Leucemia linfatica cronica, delezione 17p o mutazione TP53 (LLC, monoterapia)",21011.03,21011,Imbruvica,IMBRUVICA.03
179,"2L+ chronisch lymphatische Leukämie (CLL, Monotherapie)","Leucémie lymphoïde chronique dès la 2è ligne (LLC, monothérapie)","2L+ Leucemia linfatica cronica (LLC, monoterapia)",21011.04,21011,Imbruvica,IMBRUVICA.04
180,"Morbus Waldenström (MW, Monotherapie)","Maladie de Waldenström (MW, monothérapie)","Macroglobulinemia di Waldenström (MW, monoterapia)",21011.05,21011,Imbruvica,IMBRUVICA.05
181,"Morbus Waldenström (MW, Kombinationstherapie)","Maladie de Waldenström (MW, thérapie combinée)","Macroglobulinemia di Waldenström (MW, terapia in combinazione)",21011.06,21011,Imbruvica,IMBRUVICA.06
182,"Mantelzelllymphom (MCL, Monotherapie)","Lymphome à cellules du manteau (LCM, monothérapie)","Linfoma mantellare (MCL, monoterapia)",21011.07,21011,Imbruvica,IMBRUVICA.07
183,Hämatologie:,Hématologie:,Ematologia:,17079.01,17079,MabThera,MABTHERA.01
184,Autoimmunerkrankungen:,Maladies auto-immunes:,Malattie auto-immune:,17079.02,17079,MabThera,MABTHERA.02
185,Kombination MABTHERA mit POLIVY und Bendamustin bei rezidiviertem oder refraktärem diffusem grosszelligem B-Zell-Lymphom (DLBCL),Association de MABTHERA avec POLIVY et la bendamustine en cas de lymphome diffus à grandes cellules B (LDGCB) en rechute ou réfractaire,Combinazione di MABTHERA con POLIVY e bendamustina nel linfoma diffuso a grandi cellule B (DLBCL) recidivato o refrattario,17079.03,17079,MabThera,MABTHERA.03
188,Rezidiviertem oder refraktärem diffusem grosszelligem B-Zell-Lymphom (DLBCL) in Kombination mit Rituximab und Bendamustin 21276.01,"Lymphome diffus à grandes cellules B (LDGCB) en rechute ou réfractaire, en association avec le rituximab et la bendamustine 21276.01",Linfoma diffuso a grandi cellule B (DLBCL) recidivato o refrattario in combinazione con rituximab e bendamustina 21276.01,21276.01,21276,Polivy,POLIVY
190,Rezidiviertem oder refraktärem diffusem grosszelligem B-Zell-Lymphom (DLBCL) in Kombination mit Rituximab und Bendamustin,"Lymphome diffus à grandes cellules B (LDGCB) en rechute ou réfractaire, en association avec le rituximab et la bendamustine",Linfoma diffuso a grandi cellule B (DLBCL) recidivato o refrattario in combinazione con rituximab e bendamustina,21276.01,21276,Polivy,POLIVY
191,Behandlung von Erwachsenen mit paroxysmaler nächtlicher Hämoglobinurie (PNH),Traitement des adultes atteints d’hémoglobinurie paroxystique nocturne (HPN),Trattamento di pazienti adulti con emoglobinuria parossistica notturna (EPN),21557.01,21557,Aspaveli,ASPA21557.01
192,Vor Therapiebeginn: | Therapiefortführung: | Therapieabbruch: | Rückerstattungen:,Avant de commencer le traitement: | Poursuite du traitement: | Arrêt du traitement: | Remboursements:,Prima di iniziare la terapia: | Continuazione della terapia: | Interruzione della terapia: | Rimborsi:,21402.01,21402,Koselugo,KOSE21402.01
198,"1L chronisch lymphatische Leukämie, 17p-Deletion oder TP53-Mutation (CLL, Monotherapie)","1ère ligne leucémie lymphoïde chronique, délétion 17p ou mutation TP53 (LLC, monothérapie)","1L Leucemia linfatica cronica, delezione 17p o mutazione TP53 (LLC, monoterapia)",21177.01,21177,Calquence,CALQUENCE.01
199,"1L chronisch lymphatische Leukämie, uIGHV (CLL, Monotherapie)","1ère ligne leucémie lymphoïde chronique, uIGHV (LLC, monothérapie)","1L Leucemia linfatica cronica, uIGHV (LLC, monoterapia)",21177.02,21177,Calquence,CALQUENCE.02
200,"2L+ chronisch lymphatische Leukämie (CLL, Monotherapie)","Leucémie lymphoïde chronique dès la 2ème ligne (LLC, monothérapie)","2L+ Leucemia linfatica cronica (LLC, monoterapia)",21177.03,21177,Calquence,CALQUENCE.03
202,Patienten mit schwerer Hämophilie A ohne Hemmkörper,Patients atteints d’hémophilie A sévère sans inhibiteurs,Pazienti con emofilia A grave senza inibitori,20818.02,20818,Hemlibra,HEMLIBRA.02
203,Für beide Indikationen gelten folgende Vergütungsvoraussetzungen:,"Pour les deux indications, les conditions de remboursement suivantes s’appliquent:",Per entrambe le indicazioni valgono le seguenti condizioni di rimborso:,20818.XX,20818,Hemlibra,HEMLIBRA.XX
204,IMNOVID in Kombination mit Isatuximab und Dexamethason,IMNOVID en association avec l’isatuximab et la dexaméthasone,IMNOVID in combinazione con isatuximab e desametasone,20221.04,20221,Imnovid,IMNOVID.04
210,SARCLISA in Kombination mit Pomalidomid und Dexamethason,SARCLISA en association avec le pomalidomide et la dexaméthasone,SARCLISA in combinazione con pomalidomide e desametasone,21099.01,21099,Sarclisa,SARCLISA
212,1L nicht-plattenepitheliales NSCLC (in Kombination mit Nab-Paclitaxel und Carboplatin),1L du CPNPC non épidermoïde (en association au nab-paclitaxel et au carboplatine),Trattamento di 1a linea del NSCLC non squamoso (in combinazione con nab-paclitaxel e carboplatino),20641.05,20641,Tecentriq,TECENTR.05
213,1L nicht-plattenepitheliales NSCLC (in Kombination mit Paclitaxel und Carboplatin),1L du CPNPC non épidermoïde (en association au paclitaxel et au carboplatine),Trattamento di 1a linea del NSCLC non squamoso (in combinazione con paclitaxel e carboplatino),20641.06,20641,Tecentriq,TECENTR.06
219,"DARZALEX in Kombination mit Bortezomib, Melphalan, und Prednison","DARZALEX en association avec le bortézomib, le melphalan et la prednisone","DARZALEX in combinazione con bortezomib, melfalan e prednisone",21150.03,21150,Darzalex SC,DARZALEX4
220,Atopische Dermatitis – Erwachsene,Dermatite atopique - Adultes,Dermatite atopica – Adulti,20819.01,20819,Dupixent,DUPIXENT.01
221,Atopische Dermatitis - Jugendliche Patienten,Dermatite atopique – Patients adolescents,Dermatite atopica – Adolescenti,20819.02,20819,Dupixent,DUPIXENT.02
222,Atopische Dermatitis – Kinder 6 bis 11 Jahre,Dermatite atopique – Enfants de 6 à 11 ans,Dermatite atopica – Bambini 6 – 11 anni,20819.03,20819,Dupixent,DUPIXENT.03
223,Asthma – Erwachsene und Jugendlichen ab 12 Jahren,Asthme – Adultes et adolescents à partir de 12 ans,Asma – Adulti e adolescenti dai 12 anni,20819.04,20819,Dupixent,DUPIXENT.04
224,Asthma – Kinder 6 bis 11 Jahre,Asthme – Enfants de 6 à 11 ans,Asma – Bambini 6 – 11 anni,20819.05,20819,Dupixent,DUPIXENT.05
225,Chronische Rhinosinusitis mit Nasenpolypen (CRSwNP) – Erwachsene,Polypose naso-sinusienne (PNS) – Adultes,Rinosinusite cronica con polipi nasali (CRSwNP) – Adulti,20819.06,20819,Dupixent,DUPIXENT.06
232,Medulläres Schilddrüsenkarzinom mit RET-Mutation,Cancer médullaire de la thyroïde présentant une mutation du gène RET,Carcinoma midollare della tiroide con mutazione di RET,21321.02,21321,Gavreto,GAVRETOmtc
234,HERCEPTIN in Kombination mit Pertuzumab (PERJETA) als adjuvante Therapie des Mammakarzinoms | zusätzlich,HERCEPTIN en association avec le pertuzumab (PERJETA) comme traitement adjuvant du cancer du sein | en plus,HERCEPTIN in associazione con pertuzumab (PERJETA) come terapia adiuvante per il carcinoma mammario | inoltre,17354.01,17354,Herceptin,HERCEPERJ.01
235,HERZUMA in Kombination mit Pertuzumab (PERJETA) als adjuvante Therapie des Mammakarzinoms | zusätzlich,HERZUMA en association avec le pertuzumab (PERJETA) comme traitement adjuvant du cancer du sein | en plus,HERZUMA in associazione con pertuzumab (PERJETA) come terapia adiuvante per il carcinoma mammario | inoltre,21304.01,21304,Herzuma,HERZUPERJ.01
239,OGIVRI in Kombination mit Pertuzumab (PERJETA) als adjuvante Therapie des Mammakarzinoms | zusätzlich,OGIVRI en association avec le pertuzumab (PERJETA) comme traitement adjuvant du cancer du sein | en plus,OGIVRI in associazione con pertuzumab (PERJETA) come terapia adiuvante per il carcinoma mammario | inoltre,21087.01,21087,Ogivri,OGIVRPERJ.01
243,TRAZIMERA in Kombination mit Pertuzumab (PERJETA) als adjuvante Therapie des Mammakarzinoms | zusätzlich,TRAZIMERA en association avec le pertuzumab (PERJETA) comme traitement adjuvant du cancer du sein | en plus,TRAZIMERA in associazione con pertuzumab (PERJETA) come terapia adiuvante per il carcinoma mammario | inoltre,20966.01,20966,Trazimera,TRAZIPERJ.01
244,Kolorektalkarzinom,Carcinome colorectal,Carcinoma del colon-retto,21617.01,21617,Vegzelma,VEGZELMA.01
245,Lungenkarzinom,Carcinome pulmonaire,Carcinoma polmonare,21617.02,21617,Vegzelma,VEGZELMA.02
246,Nierenzellkarzinom,Carcinome rénal,Carcinoma a cellule renali,21617.03,21617,Vegzelma,VEGZELMA.03
247,Mammakarzinom,Carcinome mammaire,Carcinoma mammario,21617.04,21617,Vegzelma,VEGZELMA.04
248,Ovarialkarzinom,Carcinome Ovarien,Carcinoma ovarico,21617.05,21617,Vegzelma,VEGZELMA.05
249,Zervixkarzinom,Cancer du col utérin,Carcinoma della cervice uterina,21617.06,21617,Vegzelma,VEGZELMA.06
250,Glioblastom,Glioblastome,Glioblastoma,21617.07,21617,Vegzelma,VEGZELMA.07
251,VEGZELMA in Kombination mit Atezolizumab (TECENTRIQ) zur Behandlung des inoperablen oder metastasierten hepatozellulären Karzinoms (HCC),VEGZELMA en association avec l’atezolizumab (TECENTRIQ) pour le traitement du carcinome hépatocellulaire inopérable ou métastatique (CHC),VEGZELMA in associazione con atezolizumab (TECENTRIQ) per il trattamento del carcinoma epatocellulare non resecabile o metastatico (HCC),21617.08,21617,Vegzelma,VEGZELMA.08
252,ZERCEPAC in Kombination mit Pertuzumab (PERJETA) als adjuvante Therapie des Mammakarzinoms | zusätzlich,ZERCEPAC en association avec le pertuzumab (PERJETA) comme traitement adjuvant du cancer du sein | en plus,ZERCEPAC in associazione con pertuzumab (PERJETA) come terapia adiuvante per il carcinoma mammario | inoltre,21605.01,21605,Zercepac,ZERCEPAC.01
253,Weitere Indikationen,Autres indications,Altre indicazioni,21605.02,21605,Zercepac,ZERZEPAC.02
254,"1L chronisch lymphatische Leukämie, 17p-Deletion oder TP53-Mutation (CLL, Monotherapie)","1ère ligne leucémie lymphoïde chronique, délétion 17p ou mutation TP53 (LLC, monothérapie)","1L Leucemia linfatica cronica, delezione 17p o mutazione TP53 (LLC, monoterapia)",21651.01,21651,Calquence,CALQUEtab.01
255,"1L chronisch lymphatische Leukämie, uIGHV (CLL, Monotherapie)","1ère ligne leucémie lymphoïde chronique, uIGHV (LLC, monothérapie)","1L Leucemia linfatica cronica, uIGHV (LLC, monoterapia)",21651.02,21651,Calquence,CALQUEtab.02
256,"2L+ chronisch lymphatische Leukämie (CLL, Monotherapie)","Leucémie lymphoïde chronique dès la 2ème ligne (LLC, monothérapie)","2L+ Leucemia linfatica cronica (LLC, monoterapia)",21561.03,21651,Calquence,CALQUEtab.03
257,36.15%,36.15%,36.15%,20417.01,20417,Cotellic,COTEL_ZEL.01
258,2L NSCLC,2L NSCLC,2L NSCLC,21321.01,21321,Gavreto,GAVRETOnscl
259,36.15%,36.15%,36.15%,19786.02,19786,Zelboraf,ZELBO_COT.02
261,RET-Fusion-positives Schilddrüsenkarzinom,Cancer de la thyroïde présentant une fusion du gène RET,Carcinoma tiroideo positivo per la fusione di RET,21321.03,21321,Gavreto,GAVRETO.03
262,"DARZALEX in Kombination mit Bortezomib, Melphalan, und Prednison","DARZALEX en association avec le bortézomib, le melphalan et la prednisone","DARZALEX in combinazione con bortezomib, melfalan e prednisone",20589.03,20589,Darzalex,DARZALEX.03a
263,"DARZALEX SC in Kombination mit Bortezomib, Melphalan, und Prednison","DARZALEX SC en association avec le bortézomib, le melphalan et la prednisone","DARZALEX SC in combinazione con bortezomib, melfalan e prednisone",21150.03,21150,Darzalex SC,DARZALEX.03
264,AL-Amyloidose,AL-Amyloidose,AL-Amyloidose,21150.04,21150,Darzalex SC,DARZALEX-AL
265,HER2-positiver Brustkrebs,Cancer du sein HER2 positif,Cancro della mammella HER2-positivo,21338.01,21338,Enhertu,ENHERTU.0102
266,HER2-positiver Brustkrebs,Cancer du sein HER2 positif,Cancro della mammella HER2-positivo,21338.02,21338,Enhertu,ENHERTU.0102
267,HER2-niedrig-exprimierender Brustkrebs (HER2-low Breast Cancer),Cancer du sein HER2 faible (HER2 low breast cancer),Cancro della mammella a bassa espressione di HER2 (HER2-low Breast Cancer),21338.03,21338,Enhertu,ENHERTU.03
271,Melanom adjuvant (Monotherapie) KN054,Mélanome adjuvant (monothérapie) KN054,Melanoma adiuvante (monoterapia) KN054,20416.06,20416,Keytruda,KEYTRUDA.06a
273,Chronisch lymphatische Leukämie (Monotherapie) bei Patienten mit del17p/TP53mut und nach Therapieversagen unter einem BCRi,Leucémie lymphoïde chronique (monothérapie) chez les patients avec del17p/TP53mut et après en échec traitement par un BCRi,Leucemia linfatica cronica (monoterapia) di pazienti con del17p/TP53mut e che hanno fallito la terapia con BCRi,20764.01,20764,Venclyxto,VENCLYXTO.01
274,Akute myeolische Leukämie in Kombination mit Azacitidin oder Decitabin,Leucémie myéloïde aiguë en association avec de l'azacitidine ou de la décitabine,Leucemia mieloide acuta in combinazione con azacitidina o decitabina,20764.03,20764,Venclyxto,VENCLYXTO.03
275,"Hodgkin-Lymphom (HL) | HL (Stadium IV), Kombinationstherapie (mit Preismodell)","Lymphome hodgkinien (LH) | LH (Stade IV), thérapie combinée (avec modèle de prix)","Linfoma di Hodgkin (HL) | HL (stadio IV), terapia di combinazione (con modello di prezzo)",19989.01,19989,Adcetris,ADCETRIS.01
276,"Hodgkin-Lymphom (HL) | Rezidiviertes oder refraktäres HL, Monotherapie (mit Preismodell)","Lymphome hodgkinien (LH) | LH récidivant ou réfractaire, monothérapie (avec modèle de prix)","Linfoma di Hodgkin (HL) | HL recidivante o refrattario, monoterapia (con modello di prezzo)",19989.02,19989,Adcetris,ADCETRIS.02
277,"Periphere T-Zell-Lymphome (PTCL) | PTCL, Kombinationstherapie (mit Preismodell)","Lymphome périphérique à cellules T (LPCT) | LPCT, thérapie combinée (avec modèle de prix)","Linfoma periferico a cellule T (PTCL) | PTCL, terapia di combinazione (con modello di prezzo)",19989.03,19989,Adcetris,ADCETRIS.03
278,"Periphere T-Zell-Lymphome (PTCL) | Rezidiviertes oder refraktäres sALCL, Monotherapie (mit Preismodell)","Lymphome périphérique à cellules T (LPCT) | LAGCs, récidivant ou réfractaire, monothérapie (avec modèle de prix)","Linfoma periferico a cellule T (PTCL) | sALCL recidivante o refrattario, monoterapia (con modello di prezzo)",19989.04,19989,Adcetris,ADCETRIS.04
279,"Kutane T-Zell-Lymphome (CTCL), Monotherapie (mit Preismodell)","Lymphome cutané à cellules T (LCCT), monothérapie (avec modèle de prix)","Linfoma cutaneo a cellule T (CTCL), monoterapia (con modello di prezzo)",19989.05,19989,Adcetris,ADCETRIS.05
282,1L Plattenepithelkarzinom im Kopf- und Halsbereich (HNSCC) (in Kombination mit Platin- und 5-Fluorouracil (5-FU)-haltiger Chemotherapie) KN048,1L Carcinome épidermoïde de la tête et du cou (HNSCC) (en association à une chimiothérapie à base de sels de platine et de 5-fluorouracile (5-FU)) KN048,1L Carcinoma a cellule squamose della testa e del collo (HNSCC) (in associazione a chemioterapia a base di platino e 5-fluorouracile (5-FU)) KN048,20416.08,20416,Keytruda,KEYTRUDA.08
285,Nicht-kleinzelliges Lungenkarzinom metastasierend,Cancer bronchique non à petites cellules métastatique,Carcinoma polmonare non a piccole cellule metastatico,20484.03,20484,Mekinist,MEKIN.NSC.03
286,Schwere Plaque-Psoriasis (nur 150 mg),Formes sévères de psoriasis en plaque (seulement dosage à 150 mg),Psoriasi a placche severa (solo dosaggio da 150 mg),20922.01,20922,Skyrizi,SKYRIZI_F.01
287,Psoriasis-Arthritis (nur 150 mg),Arthrite psoriasique (seulement dosage à 150 mg),Artrite psoriasica (solo dosaggio da 150 mg),20922.02,20922,Skyrizi,SKYRIZI_F.02
288,Schwere Plaque-Psoriasis (nur 150 mg),Formes sévères de psoriasis en plaque (seulement dosage à 150 mg),Psoriasi a placche severa (solo dosaggio da 150 mg),21327.01,21327,Skyrizi,SKYRIZI_P.01
289,Psoriasis-Arthritis (nur 150 mg),Arthrite psoriasique (seulement dosage à 150 mg),Artrite psoriasica (solo dosaggio da 150 mg),21327.02,21327,Skyrizi,SKYRIZI_P.02
292,Nicht-kleinzelliges Lungenkarzinom metastasierend,Cancer bronchique non à petites cellules métastatique,Carcinoma polmonare non a piccole cellule metastatico,20115.03,20115,Tafinlar,TAFINLAR.03
296,Monotherapie,Monothérapie,Monoterapia,20589.01,20589,Darzalex,DARZALEX.01a
297,DARZALEX in Kombination mit Lenalidomid und Dexamethason,DARZALEX en association avec le lénalidomide et la dexaméthasone,DARZALEX in combinazione con Lenalidomide e Desametasone,20589.02,20589,Darzalex,DARZALEX.02a
298,Monotherapie,Monothérapie,Monoterapia,21150.01,21150,Darzalex SC,DARZALEX.01
299,DARZALEX SC in Kombination mit Lenalidomid und Dexamethason,DARZALEX SC en association avec le lénalidomide et la dexaméthasone,DARZALEX SC in combinazione con Lenalidomide e Desametasone,21150.02,21150,Darzalex SC,DARZALEX.02
300,Kriterien für die Vergütung bei Patienten bis zum vollendeten 20. Lebensjahr (Vergütung durch die IV) | Kriterien für die Vergütung bei Patienten ab dem 21. Lebensjahr (Vergütung durch die OKP),Critères de remboursement pour les patients jusqu’à l’âge de 20 ans révolus (remboursement par l’AI) | Critères de remboursement pour les patients âgés de 21 ans et plus (remboursement par l’AOS),Criteri di rimborso per i pazienti fino a 20 anni compiuti (rimborso da parte dell’AI) | Criteri di rimborso per i pazienti di età pari o superiore a 21 anni (rimborso da parte dell’AOMS),21253.01,21253,Evrysdi,EVRYSDI.01
302,Melanom 20461.02 | Monotherapie,Mélanome 20461.02 | monothérapie,Melanoma 20461.02 | monoterapia,20461.02,20461,Opdivo,OPDIVO.02
303,Melanom 20461.03 | Kombination mit Ipilimumab,Mélanome 20461.03 | association avec l’ipilimumab,Melanoma 20461.03 | combinazione con Ipilimumab,20461.03,20461,Opdivo,OPDIVO.03
304,Melanom adjuvant 20461.07 | Monotherapie,Mélanome adjuvant 20461.07 | monothérapie,Melanoma adiuvante 20461.07 | monoterapia,20461.07,20461,Opdivo,OPDIVO.07
305,Kombination REVLIMID und Tafasitamab,Association de REVLIMID avec tafasitamab,REVLIMID in combinazione con tafasitamab,18541.11,18541,Revlimid,REVLIMID.11
306,REVLIMID in Kombination mit DARZALEX / DARZALEX SC und Dexamethason,REVLIMID en association avec DARZALEX / DARZALEX SC et la dexaméthasone,REVLIMID in combinazione con DARZALEX / DARZALEX e Desametasone,18541.12,18541,Revlimid,REVLIMID.12
317,einem imminenten (unmittelbaren) Frakturrisiko | in Verbindung mit einem T-Score ≤ -3.5 | einem sehr hohen Frakturrisiko | von mindestens zwei typischen osteoporotischen Frakturen.,un risque imminent | associé à un T-Score ≤ -3.5 | un risque très élevé | d’au moins 2 fractures ostéoporotiques majeures.,un rischio imminente | associata a un T-Score ≤ -3.5 | un rischio molto alto | con almeno 2 fratture osteoporotiche maggiori.,21107.01,21107,Evenity,EVENITY.01
321,ODER,OU,OPPURE,21144.02,21144,Trikafta,TRIKAFTA.02
322,UND | ODER | ODER | ODER | ODER,ET | ET | OU | OU | OU | OU,E | OPPURE | OPPURE | OPPURE | OPPURE,21144.01,21144,Trikafta,TRIKAFTA.01
324,Ovarialkarzinom nach Erstlinienchemotherapie | Kombinationstherapie mit Lynparza (Olaparib),Cancer de l’ovaire après chimiothérapie de première ligne | Traitement en association avec Lynparza (olaparib),Carcinoma ovarico in seguito a terapia di prima linea | Terapia combinata con Lynparza (olaparib),18082.09,18082,Avastin,AVASTIN.09
325,Ovarialkarzinom nach Erstlinienchemotherapie | Kombinationstherapie mit Lynparza (Olaparib),Cancer de l’ovaire après chimiothérapie de première ligne | Traitement en association avec Lynparza (olaparib),Carcinoma ovarico in seguito a terapia di prima linea | Terapia combinata con Lynparza (olaparib),21264.09,21264,Bevacizumab-Teva,BEVACIZUM.09
338,Tumornekrosefaktor-Rezeptor-assoziiertes periodisches Syndrom (TRAPS),Syndrome périodique associé au récepteur du facteur de nécrose tumorale (TRAPS),Sindrome periodica associata al recettore del fattore di necrosi tumorale (TRAPS),19119.03,19119,Ilaris,ILARIStra.03
339,Hyperimmunglobulin-D-Syndrom (HIDS)/Mevalonatkinasedefizienz (MKD),Syndrome de fièvre périodique avec hyperimmunoglobulinémie D (HIDS)/déficit en mévalonate kinase (MKD),Sindrome da iperimmunoglobulina D (HIDS)/deficit di mevalonato chinasi (MKD),19119.04,19119,Ilaris,ILARIShid.04
340,Familiäres Mittelmeerfieber (FMF),Fièvre méditerranéenne familiale (FMF),Febbre mediterranea familiare (FMF),19119.05,19119,Ilaris,ILARISfmf.05
342,Ovarialkarzinom nach Erstlinienchemotherapie | Kombinationstherapie mit Lynparza (Olaparib),Cancer de l’ovaire après chimiothérapie de première ligne | Traitement en association avec Lynparza (olaparib),Carcinoma ovarico in seguito a terapia di prima linea | Terapia combinata con Lynparza (olaparib),21084.09,21084,Mvasi,MVASI.09
343,Triple-negatives Mammakarzinom (TNBC),cancer du sein triple négatif (TNBC),con carcinoma mammario triplo negativo (TNBC),21290.01,21290,Trodelvy,TRODELVY.01
344,HR+/HER2- Mammakarzinom,RH+/HER2- cancer du sein,HR+/HER2- carcinoma mammario,21290.02,21290,Trodelvy,TRODELVY.02
346,DARZALEX als Monotherapie (4L+),DARZALEX en monothérapie (4L+),DARZALEX Monoterapia (4L+),20589.01,20589,Darzalex,DARZALEX.01b
347,DARZALEX in Kombination mit Lenalidomid und Dexamethason (2L+),DARZALEX en association avec le lénalidomide et la dexaméthasone (2L+),DARZALEX in combinazione con lenalidomide e desametasone (2L+),20589.02,20589,Darzalex,DARZALEX.02b
348,"DARZALEX in Kombination mit Bortezomib, Melphalan, und Prednison (1L)","DARZALEX en association avec le bortézomib, le melphalan et la prednisone (1L)","DARZALEX in combinazione con bortezomib, melfalan e prednisone (1L)",20589.03,20589,Darzalex,DARZALEX.03b
349,DARZALEX in Kombination mit Bortezomib und Dexamethason (2L+),DARZALEX en association avec le bortézomib et la dexaméthasone (2L+),DARZALEX in combinazione con bortezomib e desametasone (2L+),20589.05,20589,Darzalex,DARZALEX.05a
350,DARZALEX in Kombination mit Carfilzomib und Dexamethason (2L+),DARZALEX en association avec le carfilzomib et la dexaméthasone (2L+),DARZALEX in combinazione con carfilzomib e desametasone (2L+),20589.07,20589,Darzalex,DARZALEX.07a
351,DARZALEX in Kombination mit Lenalidomid und Dexamethason (1L),DARZALEX en association avec le lénalidomide et la dexaméthasone (1L),DARZALEX in combinazione con lenalidomid e dexametasone (1L),20589.08,20589,Darzalex,DARZALEX.08a
352,DARZALEX SC als Monotherapie (4L+),DARZALEX SC en monothérapie (4L+),DARZALEX Monoterapia (4L+),21150.01,21150,Darzalex SC,DARZALEX.01c
353,DARZALEX SC in Kombination mit Lenalidomid und Dexamethason (2L+),DARZALEX SC en association avec le lénalidomide et la dexaméthasone (2L+),DARZALEX SC in combinazione con lenalidomide e desametasone (2L+),21150.02,21150,Darzalex SC,DARZALEX.02c
354,"DARZALEX SC in Kombination mit Bortezomib, Melphalan, und Prednison (1L)","DARZALEX SC en association avec le bortézomib, le melphalan et la prednisone (1L)","DARZALEX SC in combinazione con bortezomib, melfalan e prednisone (1L)",21150.03,21150,Darzalex SC,DARZALEX.03c
356,DARZALEX SC in Kombination mit Bortezomib und Dexamethason (2L+),DARZALEX SC en association avec le bortézomib et la dexaméthasone (2L+),DARZALEX SC in combinazione con bortezomib e desametasone (2L+),21150.05,21150,Darzalex SC,DARZALEX.05b
357,DARZALEX SC in Kombination mit Pomalidomid und Dexamethason (2L+),DARZALEX SC en association avec le pomalidomide et la dexaméthasone (2L+),DARZALEX SC in combinazione con pomalidomide e desametasone (2L+),21150.06,21150,Darzalex SC,DARZALEX.06
358,DARZALEX SC in Kombination mit Carfilzomib und Dexamethason (2L+),DARZALEX SC en association avec le carfilzomib et la dexaméthasone (2L+),DARZALEX SC in combinazione con carfilzomib e desametasone (2L+),21150.07,21150,Darzalex SC,DARZALEX.07b
359,DARZALEX SC in Kombination mit Lenalidomid und Dexamethason (1L),DARZALEX SC en association avec le lénalidomide et la dexaméthasone (1L),DARZALEX SC in combinazione con lenalidomid e dexametasone (1L),21150.08,21150,Darzalex SC,DARZALEX.08b
360,IMNOVID in Kombination mit Daratumumab und Dexamethason (2L+),L’association de IMNOVID avec le daratumumab et la dexaméthasone (2L+),"IMNOVID, daratumumab e desametasone in combinazione (2L+)",20221.03,20221,Imnovid,IMNOVID.03
361,Oyavas in Kombination mit Atezolizumab (TECENTRIQ) zur Behandlung des inoperablen oder metastasierten hepatozellulären Karzinoms (HCC) | zusätzlich,Oyavas en association avec l’atezolizumab (TECENTRIQ) pour le traitement du carcinome hépatocellulaire inopérable ou métastatique (CHC) | respecter également,Oyavas in associazione con atezolizumab (TECENTRIQ) per il trattamento del carcinoma epatocellulare non resecabile o metastatico (HCC) | inoltre,21272.08,21272,Oyavas,OYAVASHCC
362,Ovarialkarzinom nach Erstlinienchemotherapie | Kombinationstherapie mit Lynparza (Olaparib),Cancer de l’ovaire après chimiothérapie de première ligne | Traitement en association avec Lynparza (olaparib),Carcinoma ovarico in seguito a terapia di prima linea | Terapia combinata con Lynparza (olaparib),21272.09,21272,Oyavas,OYAVAS.09
363,REVLIMID in Kombination mit DARZALEX / DARZALEX SC und Dexamethason (2L+),REVLIMID en association avec DARZALEX / DARZALEX SC et la dexaméthasone (2L+),REVLIMID in combinazione con DARZALEX / DARZALEX e Desametasone (2L+),18541.12,18541,Revlimid,REVLIMID.12a
364,REVLIMID in Kombination mit DARZALEX / DARZALEX SC und Dexamethason (1L),REVLIMID en association avec DARZALEX / DARZALEX SC et la dexaméthasone (1L),REVLIMID in combinazione con DARZALEX / DARZALEX SC e dexametasone (1L),18541.13,18541,Revlimid,REVLIMID.13
367,Ovarialkarzinom nach Erstlinienchemotherapie | Kombinationstherapie mit Lynparza (Olaparib),Cancer de l’ovaire après chimiothérapie de première ligne | Traitement en association avec Lynparza (olaparib),Carcinoma ovarico in seguito a terapia di prima linea | Terapia combinata con Lynparza (olaparib),21617.09,21617,Vegzelma,VEGZELMA.09
371,Refraktäres oder rezidiviertes follikuläres Lymphom (FL r/r),Lymphome folliculaire réfractaire ou récidivant (LF r/r),Linfoma follicolare refrattario o recidivato (LF r/r),20248.02,20248,Gazyvaro,GAZYVARO.FLr
372,Bisher unbehandeltes follikuläres Lymphom (FL 1L),Lymphome folliculaire non traité précédemment (LF 1L),Linfoma follicolare non trattato in precedenza (LF 1L),20248.03,20248,Gazyvaro,GAZYVARO.03
373,Solide Tumoren,Tumeurs solides,Tumori solidi,21183.01,21183,Rozlytrek,ROZLYTREK.01
374,Nicht-kleinzelliges Bronchialkarzinom (NSCLC),Cancer du poumon non à petites cellules (CPNPC),Carcinoma polmonare non a piccole cellule (NSCLC),21183.02,21183,Rozlytrek,ROZLYTREK.02
375,Austausch Originalpräparat/Generikum,Substitution préparation originale/générique,Sostituzione preparato originale/generico,21423.01,21423,Abirateron Accord,ABIRATAccor2
376,Austausch Originalpräparat/Generikum,Substitution préparation originale/générique,Sostituzione preparato originale/generico,21737.01,21737,Abirateron Devatis,ABIRATDevat2
377,Austausch Originalpräparat/Generikum,Substitution préparation originale/générique,Sostituzione preparato originale/generico,21316.01,21316,Abirateron Sandoz,ABIRATSand02
378,Austausch Originalpräparat/Generikum,Substitution préparation originale/générique,Sostituzione preparato originale/generico,21356.01,21356,Abirateron Spirig HC,ABIRATSpiri2
379,Austausch Originalpräparat/Generikum,Substitution préparation originale/générique,Sostituzione preparato originale/generico,21600.01,21600,Abirateron Viatris,ABIRATViatr2
380,Austausch Originalpräparat/Generikum,Substitution préparation originale/générique,Sostituzione preparato originale/generico,21481.01,21481,Abirateron Zentiva,ABIRATZenti2
383,2L NSCLC,2L du CPNPC,Trattamento di 2a linea del NSCLC,21844.01,21844,Tecentriq,TECENT.Lö.01
384,1L nicht-plattenepitheliales NSCLC (in Kombination mit Nab-Paclitaxel und Carboplatin),Trattamento di 1a linea del NSCLC non squamoso (in combinazione con nab-paclitaxel e carboplatino),Trattamento di 1a linea del NSCLC non squamoso (in combinazione con nab-paclitaxel e carboplatino),21844.05,21844,Tecentriq,TECENT.Lö.05
385,1L nicht-plattenepitheliales NSCLC (in Kombination mit Paclitaxel und Carboplatin),1L du CPNPC non épidermoïde (en association au paclitaxel et au carboplatine),Trattamento di 1a linea del NSCLC non squamoso (in combinazione con paclitaxel e carboplatino),21844.06,21844,Tecentriq,TECENT.Lö.06
386,"NSCLC im Frühstadium, adjuvant","CPNPC au stade précoce, en adjuvant","NSLCL in fase iniziale, adiuvante",21844.04,21844,Tecentriq,TECENT.Lö.04
387,SCLC,CPPC,SCLC,21844.02,21844,Tecentriq,TECENT.Lö.02
388,HCC,CHC,HCC,21844.03,21844,Tecentriq,TECENT.Lö.03
389,Ovarialkarzinom nach Erstlinienchemotherapie,Cancer de l'ovaire après une chimiothérapie de première ligne,Tumore ovarico dopo la chemioterapia di prima linea,21597.02,21597,Zejula,ZEJULA.02
391,Psoriasis Arthritis,Arthrite psoriasique,Artrite psoriasica,21476.02,21476,Bimzelx,BIMZELX.02
392,Ankylosierende Spondyloarthritis (Röntgenologische axiale Spondyloarthritis (r-axSpA)),Spondylarthrite ankylosante (spondylarthrite axiale radiologique (r-axSpA)),Spondilite anchilosante (Spondilite assiale radiologica (r-axSpA)),21476.03,21476,Bimzelx,BIMZELX.03
393,Nicht röntgenologische axiale Spondyloarthritis (nr-axSpA),Spondylarthrite axiale non radiologique (nr-axSpA),Spondilite assiale non radiografica (nr-axSpA),21476.04,21476,Bimzelx,BIMZELX.04
394,Plaque-Psoriasis (nur 160 mg/ml 2 Fertigspritzen/Fertigpens),Psoriasis en plaque (uniquement 160 mg/ml 2 seringues/stylos prêts à l'emploi),Psoriasi a placche (solo 160 mg/ml 2 siringhe/penne preriempite),21476.01,21476,Bimzelx,BIMZELX.01
395,Psoriasis Arthritis,Arthrite psoriasique,Artrite psoriasica,21477.02,21477,Bimzelx,BIMZELX.02a
396,Nicht röntgenologische axiale Spondyloarthritis (nr-axSpA),Spondylarthrite axiale non radiologique (nr-axSpA),Spondilite assiale non radiografica (nr-axSpA),21477.04,21477,Bimzelx,BIMZELX.04a
397,Plaque-Psoriasis (nur 160 mg/ml 2 Fertigspritzen/Fertigpens),Psoriasis en plaque (uniquement 160 mg/ml 2 seringues/stylos prêts à l'emploi),Psoriasi a placche (solo 160 mg/ml 2 siringhe/penne preriempite),21477.01,21477,Bimzelx,BIMZELX.01a
398,BTC,CVB,BTC,20791.03,20791,Imfinzi,IMFINZI.03
399,Rezidiviertem oder refraktärem diffusem grosszelligem B-Zell-Lymphom (DLBCL) in Kombination mit Lenalidomid,Lymphome diffus à grandes cellules B (DLBCL) en rechute ou réfractaire en association avec le lénalidomide,Linfoma diffuso a grandi cellule B (DLBCL) recidivato o refrattario in associazione con lenalidomide,21401.01,21401,Minjuvi,MINJUVI.01a
400,Eine Kostengutsprache hat den entsprechenden Indikationscode (20461.XX) zu enthalten.,L’accord de prise en charge doit contenir le code correspondant à l'indication (20461.XX).,Una garanzia di assunzione dei costi deve contenere il codice di indicazione corrispondente (20461.XX).,20461.XX,20461,Opdivo,OPDIVOEINF5
401,Nicht-kleinzelliges Lungenkarzinom (NSCLC) 20461.01 | Monotherapie,Cancer bronchique non à petites cellules (CBNPC) 20461.01 | monothérapie,Carcinoma polmonare non a piccole cellule (NSCLC) 20461.01 | monoterapia,20461.01,20461,Opdivo,OPDIVONSCLC4
402,1L NSCLC (Monotherapie),1L CBNPC (monothérapie),1L NSCLC (Monoterapia),20518.01,20518,Tagrisso,TAGRISSO.01a
404,1L NSCLC (Kombinationstherapie),1L CBNPC (thérapie combinée),1L NSCLC (terapia combinata),20518.03,20518,Tagrisso,TAGRISSO.03
405,Plaque-Psoriasis,Psoriasis en plaque,Psoriasi a placche,21652.01,21652,Taltz,TALTZ.01
406,Psoriasis-Arthritis,Arthrite psoriasique,Artrite psoriasica,21652.02,21652,Taltz,TALTZ.02
407,Ankylosierende Spondylitis,Spondylarthrite ankylosante,Spondilite anchilosante,21652.03,21652,Taltz,TALTZ.03
417,Lennox-Gastaut-Syndrom (LGS),Syndrome de Lennox-Gastaut (SLG),Sindrome di Lennox-Gastaut (SLG),21555.01,21555,Epidyolex,EPIDYOLEX.01
418,Dravet-Syndrom (DS),Syndrome de Dravet (SD),Sindrome di Dravet (SD),21555.02,21555,Epidyolex,EPIDYOLEX.02
419,Tuberöse Sklerose (TSC),Sclérose tubéreuse de Bourneville (STB),Sclerosi tuberosa (ST),21555.03,21555,Epidyolex,EPIDYOLEX.03
420,4-24 Monate: | 2-11 Jahre: | Ab 12 Jahren: | UND | UND | ODER | ODER | ODER | Therapiefortführung alle Altersgruppen: | ODER | ODER,4 à 24 mois: | 2 à 11 ans: | À partir de 12 ans: | ET | ET | OU | OU | OU | Poursuite du traitement pour tous les groupes d’âge: | OU | OU,4 - 24 mesi: | 2 - 11 anni: | Da 12 anni: | E  | E | OPPURE | OPPURE | OPPURE | Continuazione della terapia per tutti i gruppi di età | OPPURE | OPPURE,20145.01,20145,Kalydeco,KALYDECO_150
421,4-24 Monate: | 2-11 Jahre: | Ab 12 Jahren: | UND | UND | ODER | ODER | ODER | Therapiefortführung alle Altersgruppen: | ODER | ODER,4 à 24 mois: | 2 à 11 ans: | À partir de 12 ans: | ET  | ET | OU | OU | OU | Poursuite du traitement pour tous les groupes d’âge: | OU | OU,4 - 24 mesi: | 2 - 11 anni: | Da 12 anni: | E  | E | OPPURE | OPPURE | OPPURE | Continuazione della terapia per tutti i gruppi di età | OPPURE | OPPURE,21563.01,21563,Kalydeco,KALYDECO_gra
422,4-24 Monate: | 2-11 Jahre: | Ab 12 Jahren: | UND | UND | ODER | ODER | ODER | Therapiefortführung alle Altersgruppen: | ODER | ODER,4 à 24 mois: | 2 à 11 ans: | À partir de 12 ans: | ET  | ET | OU | OU | OU | Poursuite du traitement pour tous les groupes d’âge: | OU | OU,4 - 24 mesi: | 2 - 11 anni: | Da 12 anni: | E  | E | OPPURE | OPPURE | OPPURE | Continuazione della terapia per tutti i gruppi di età | OPPURE | OPPURE,20543.01,20543,Orkambi,ORKAMBI.tabl
423,4-24 Monate: | 2-11 Jahre: | Ab 12 Jahren: | UND  | UND  | ODER | ODER | ODER | Therapiefortführung alle Altersgruppen: | ODER | ODER,4 à 24 mois: | 2 à 11 ans: | À partir de 12 ans: | ET  | ET | OU | OU | OU | Poursuite du traitement pour tous les groupes d’âge: | OU | OU,4 - 24 mesi: | 2 - 11 anni: | Da 12 anni: | E | E | OPPURE | OPPURE | OPPURE | Continuazione della terapia per tutti i gruppi di età | OPPURE | OPPURE,20543.02,20543,Orkambi,ORKAMBI.02
424,4-24 Monate: | 2-11 Jahre: | Ab 12 Jahren: | UND | UND | ODER | ODER | ODER | Therapiefortführung alle Altersgruppen: | ODER | ODER,4 à 24 mois: | 2 à 11 ans: | À partir de 12 ans: | ET | ET | OU | OU | OU | Poursuite du traitement pour tous les groupes d’âge: | OU | OU,4 - 24 mesi: | 2 - 11 anni: | Da 12 anni: | E  | E | OPPURE | OPPURE | OPPURE | Continuazione della terapia per tutti i gruppi di età | OPPURE | OPPURE,21561.01,21561,Orkambi,ORKAMBI.gran
425,4-24 Monate: | 2-11 Jahre: | Ab 12 Jahren: | UND | UND | ODER | ODER | ODER | Therapiefortführung alle Altersgruppen: | ODER | ODER,4 à 24 mois: | 2 à 11 ans: | À partir de 12 ans: | ET | ET | OU | OU | OU | Poursuite du traitement pour tous les groupes d’âge: | OU | OU,4 - 24 mesi: | 2 - 11 anni: | Da 12 anni: | E | E | OPPURE | OPPURE | OPPURE | Continuazione della terapia per tutti i gruppi di età | OPPURE | OPPURE,20914.01,20914,Symdeko,SYMDEKO_01
427,4-24 Monate: | 2-11 Jahre: | Ab 12 Jahren: | UND | UND | ODER | ODER | ODER | Therapiefortführung alle Altersgruppen: | ODER | ODER,4 à 24 mois: | 2 à 11 ans: | À partir de 12 ans: | ET | ET | OU | OU | OU | Poursuite du traitement pour tous les groupes d’âge: | OU | OU,4 - 24 mesi: | 2 - 11 anni: | Da 12 anni: | E | E | OPPURE | OPPURE | OPPURE | Continuazione della terapia per tutti i gruppi di età | OPPURE | OPPURE,21144.01,21144,Trikafta,TRIKAFTA_75
428,4-24 Monate: | 2-11 Jahre: | Ab 12 Jahren: | UND | UND | ODER | ODER | ODER | Therapiefortführung alle Altersgruppen: | ODER | ODER,4 à 24 mois: | 2 à 11 ans: | À partir de 12 ans: | ET | ET | OU | OU | OU | Poursuite du traitement pour tous les groupes d’âge: | OU | OU,4 - 24 mesi: | 2 - 11 anni: | Da 12 anni: | E | E | OPPURE | OPPURE | OPPURE | Continuazione della terapia per tutti i gruppi di età | OPPURE | OPPURE,21144.02,21144,Trikafta,TRIKAFTA_150
429,4-24 Monate: | 2-11 Jahre: | Ab 12 Jahren: | UND | UND | ODER | ODER | ODER | Therapiefortführung alle Altersgruppen: | ODER | ODER,4 à 24 mois: | 2 à 11 ans: | À partir de 12 ans: |  ET | ET | OU | OU | OU | Poursuite du traitement pour tous les groupes d’âge: | OU | OU,4 - 24 mesi: | 2 - 11 anni: | Da 12 anni: | E | E | OPPURE | OPPURE | OPPURE | Continuazione della terapia per tutti i gruppi di età | OPPURE | OPPURE,21777.01,21777,Trikafta,TRIKAFTA_gra
435,Nierenzellkarzinom (RCC) 20461.04  | Monotherapie,Carcinome à cellules rénales (CCR) 20461.04 | monothérapie,Carcinoma a cellule renali (CCR) 20461.04 | monoterapia,20461.04,20461,Opdivo,OPDIVO.04
436,Nierenzellkarzinom (RCC) 20461.10 | Kombination mit Ipilimumab,Carcinome à cellules rénales (CCR) 20461.10 | association avec l’ipilimumab,Carcinoma a cellule renali (CCR) 20461.10 | combinazione con ipilimumab,20461.10,20461,Opdivo,OPDIVO.10
437,Plattenepithelkarzinom im Kopf-Hals-Bereich (SCCHN) 20461.05 | Monotherapie,Carcinome épidermoïde de la tête et du cou (CETC) 20461.05 | monothérapie,Carcinoma a cellule squamose nell’area di testa e collo (SCCHN) 20461.05 | monoterapia,20461.05,20461,Opdivo,OPDIVO.05
438,Klassisches Hodgkin-Lymphom (cHL) 20461.06 | Monotherapie,Lymphome de Hodgkin classique (LHc) 20461.06 | monothérapie,Linfoma di Hodgkin classico (cHL) 20461.06 | monoterapia,20461.06,20461,Opdivo,OPDIVO.06
439,Kolorektales Karzinom (CRC) mit dMMR/MSI-H 20461.08 | Monotherapie,Cancer colorectal (CRC) avec dMMR/MSI-H 20461.08 | monothérapie,Cancro del colonretto (CRC) con dMMR/MSI-H 20461.08 | monoterapia,20461.08,20461,Opdivo,OPDIVO.08
440,Kolorektales Karzinom (CRC) mit dMMR/MSI-H 20461.11 | Kombination mit Ipilimumab,Cancer colorectal (CRC) avec dMMR/MSI-H 20461.11 | association avec l’ipilimumab,Cancro del colon-retto (CRC) con dMMR/MSI-H 20461.11 | combinazione con ipilimumab,20461.11,20461,Opdivo,OPDIVO.11
441,Ösophaguskarzinom oder Karzinom des gastroösophagealen Übergangs (OC oder GEJC) adjuvant 20461.09 | Monotherapie,Traitement adjuvant du cancer de l'œsophage ou de la jonction œsogastrique (CO ou CJOG) 20461.09 | monothérapie,Carcinoma esofageo o carcinoma della giunzione gastroesofagea (OC o GEJC) adiuvante 20461.09 | monoterapia,20461.09,20461,Opdivo,OPDIVO.09
442,Muskel-invasives Urothelkarzinom (MIUC) adjuvant 20461.12 | Monotherapie,Traitement adjuvant du carcinome urothélial invasif musculaire (CUIM) 20461.12 | monothérapie,Carcinoma uroteliale muscolo-invasivo (MIUC) adiuvante 20461.12 | monoterapia,20461.12,20461,Opdivo,OPDIVO.12
443,Ösophageales Plattenepithelkarzinom (OSCC) 20461.13 | Kombination mit Fluoropyrimidin- und Cisplatin-basierter Chemotherapie,Carcinome épidermoïde de l'œsophage (CEO) 20461.13 | association avec une chimiothérapie à base de fluoropyrimidine et de cisplatine,Carcinoma esofageo a cellule squamose (ESCC) 20461.13 | combinazione con una chemioterapia a base di fluoropirimidina e cisplatino,20461.13,20461,Opdivo,OPDIVO.13
444,Ösophageales Plattenepithelkarzinom (OSCC) 20461.14 | Kombination mit Ipilimumab,Carcinome épidermoïde de l'œsophage (CEO) 20461.14 | association avec l'ipilimumab,Carcinoma esofageo a cellule squamose (ESCC) 20461.14 | combinazione con ipilimumab,20461.14,20461,Opdivo,OPDIVO.14
445,Malignes pleurales Mesotheliom (MPM) 20461.15 | Kombination mit Ipilimumab,Mésothéliome pleural malin (MPM) 20461.15 | association avec l’ipilimumab,Mesotelioma pleurico maligno (MPM) 20461.15 | combinazione con ipilimumab,20461.15,20461,Opdivo,OPDIVO.15
446,"Adenokarzinom des Magens, des gastroösophagealen Übergangs oder des distalen Ösophagus (GC/GEJC/OC) 20461.16 | Kombination mit Oxaliplatin- und Fluoropyrimidin-basierter Chemotherapie","Adénocarcinome gastrique, de la jonction œsogastrique ou de l'œsophage distal (CG/CJOG/COD) 20461.16 | association avec une chimiothérapie à base d’oxaliplatine et de fluoropyrimidine","Adenocarcinoma gastrico, della giunzione gastroesofagea o dell’esofago distale (GC/GEJC/OC) 20461.16 | combinazione con una chemioterapia a base di oxaliplatino e fluoropirimidina",20461.16,20461,Opdivo,OPDIVO.16
447,2L NSCLC,2L NSCLC,2L NSCLC,21209.01,21209,Retsevmo,RETSEVMO2.2L
448,"Kombination EMPLICITI, Lenalidomid und Dexamethason",Association d’EMPLICITI avec le lénalidomide et la dexaméthasone,"Combinazione di EMPLICITI, lenalidomide e desametasone",20544.01,20544,Empliciti,EMPLICI.LeDe
449,"Kombination EMPLICITI, Pomalidomid und Dexamethason",Association d’EMPLICITI avec le pomalidomide et la dexaméthasone,"Combinazione di EMPLICITI, pomalidomide e desametasone",20544.02,20544,Empliciti,EMPLICI.PoDe
450,"Kombination IMNOVID, Elotuzumab und Dexamethason",Association d’IMNOVID avec l'élotuzumab et la dexaméthasone,"IMNOVID, elotuzumab e desametasone in combinazione",20221.01,20221,Imnovid,IMNOVIDK1
452,Ovarialkarzinom mit platin-sensitivem Rezidiv,Cancer de l'ovaire en récidive sensible au platine,Carcinoma ovarico con recidiva platino-sensibile,20852.03,20852,Lynparza,LYNPARZA.03a
454,Chronische Rhinosinusitis mit Nasenpolypen (CRSwNP),Rhinosinusite chronique avec polypes nasaux (RSCaPN),Rinosinusite cronica con polipi nasali (CRSwNP),20455.02,20455,Nucala,NUCALA_02
459,Ankylosierende Spondylitis,Spondylarthrite ankylosante,Spondilite anchilosante,20532.03,20532,Taltz,TALTZ.03a
461,EMPLICITI in Kombination mit Lenalidomid und Dexamethason,EMPLICITI en association avec le lénalidomide et la dexaméthasone,EMPLICITI in combinazione con lenalidomide e desametasone,20544.01,20544,Empliciti,EMPLICITI.01
462,EMPLICITI in Kombination mit Pomalidomid und Dexamethason,EMPLICITI en association avec le pomalidomide et la dexaméthasone,EMPLICITI in combinazione con pomalidomide e desametasone,20544.02,20544,Empliciti,EMPLICITI.02
463,Behandlung von Erwachsenen mit paroxysmaler nächtlicher Hämoglobinurie (PNH),Traitement des adultes atteints d’hémoglobinurie paroxystique nocturne (HPN),Trattamento di pazienti adulti con emoglobinuria parossistica notturna (EPN),21784.01,21784,Fabhalta,FABHALTA.01
464,IMNOVID in Kombination mit Elotuzumab und Dexamethason,IMNOVID en association avec l’élotuzumab et la dexaméthasone,IMNOVID in combinazione con elotuzumab e desametasone,20221.01,20221,Imnovid,IMNOVID.01
465,REVLIMID in Kombination mit Elotuzumab und Dexamethason,REVLIMID en association avec l’élotuzumab et la dexaméthasone,REVLIMID in combinazione con elotuzumab e desametasone,18541.08,18541,Revlimid,REVLIMID.08
466,1L NSCLC (in Kombination mit Pemetrexed und Carboplatin),1L CBNPC (en combinaison avec le pemetrexed et le carboplatine),1L NSCLC (in combinazione con pemetrexed e carboplatino),21390.03,21390,Rybrevant,RYBREVAN.03
467,2L NSCLC (Monotherapie),2L CBNPC (monothérapie),2L NSCLC (monoterapia),21390.01,21390,Rybrevant,RYBREVAN.01a
468,2L NSCLC (in Kombination mit Pemetrexed und Carboplatin),2L CBNPC (en combinaison avec le pemetrexed et le carboplatine),2L NSCLC (in combinazione con pemetrexed e carboplatino),21390.02,21390,Rybrevant,RYBREVAN.02a
469,Melanom Monotherapie,Mélanome monothérapie,Melanoma monoterapia,19520.01,19520,Yervoy,YERVOY.01
470,Kombinationstherapie mit Nivolumab,Thérapie combinée avec le nivolumab,Terapia di combinazione con nivolumab,19520.XX,19520,Yervoy,YERVOY.XX
471,Melanom Kombinationstherapie | Kombination mit Nivolumab,Mélanome thérapie combinée | association avec le nivolumab,Melanoma terapia di combinazione | combinazione con nivolumab,19520.02,19520,Yervoy,YERVOY.02
472,Nierenzellkarzinom (RCC) | Kombination mit Nivolumab,Carcinome à cellules rénales (CCR) | association avec le nivolumab,Carcinoma a cellule renali (CCR) | combinazione con nivolumab,19520.03,19520,Yervoy,YERVOY.03
473,Kolorektales Karzinom (CRC) mit dMMR/MSI-H | Kombination mit Nivolumab,Cancer colorectal (CRC) avec dMMR/MSI-H | association avec le nivolumab,Cancro del colon-retto (CRC) con dMMR/MSI-H | combinazione con nivolumab,19520.04,19520,Yervoy,YERVOY.04
474,Ösophageales Plattenepithelkarzinom (OSCC) | Kombination mit Nivolumab,Carcinome épidermoïde de l'œsophage (CEO) | association avec le nivolumab,Carcinoma esofageo a cellule squamose (ESCC) | combinazione con nivolumab,19520.05,19520,Yervoy,YERVOY.05
475,Malignes pleurales Mesotheliom (MPM) | Kombination mit Nivolumab,Mésothéliome pleural malin (MPM) | association avec le nivolumab,Mesotelioma pleurico maligno (MPM) | combinazione con nivolumab,19520.06,19520,Yervoy,YERVOY.06
480,HCC,HCC,HCC,20791.04,20791,Imfinzi,IMFINZI.04
481,HCC,HCC,HCC,21691.01,21691,IMJUDO,IMJUDO_HCC
482,3L Primäres mediastinales grosszelliges B-Zell-Lymphom (PMBCL) (Monotherapie) KN170,3L Lymphome médiastinal primitif à grandes cellules B (LMPGB) (monothérapie) KN170,3L Linfoma primario del mediastino a grandi cellule B (PMBCL) (monoterapia) KN170,20416.12,20416,Keytruda,KEYTRUDA.12
490,Vitiligo Erwachsene und Jugendliche ab 12 Jahren | drei | Behandlung des Gesichts und der Hände | auf Gesicht und Händen | Eine Vergütung für die Anwendung auf anderen betroffenen Körperstellen als dem Gesicht und den Händen ist nicht vorgesehen. | maximal drei Tuben à 100 g pro Jahr,"Vitiligo chez les adultes et les adolescents dès 12 ans | trois | traitement du visage et des mains | atteintes du visage et des mains, | Il n'est pas prévu de remboursement pour l'application sur d'autres parties du corps que le visage et les mains. | maximum de trois tubes de 100 g par an","Vitiligine negli adulti e negli adolescenti a partire dai 12 anni | tre | trattamento del viso e delle mani | del viso e delle mani, | Il rimborso per l'applicazione su altre zone del corpo colpite, diverse da viso e mani, non è prevista. | massimo tre tubi da 100 g all’anno",21819.01,21819,Opzelura,OPZELURA.01
491,Metastasiertes Mammakarzinom,Cancer du sein métastatique,Carcinoma mammario metastatico,19972.01,19972,Perjeta,PERJETA.01
492,Neoadjuvante Therapie des Mammakarzinoms,Traitement néoadjuvant du cancer du sein,Terapia neoadiuvante del carcinoma mammario,19972.02,19972,Perjeta,PERJETA.02
493,Adjuvante Therapie des Mammakarzinoms,Traitement adjuvant du cancer du sein,Terapia adiuvante del carcinoma mammario,19972.03,19972,Perjeta,PERJETA.03
494,"2L+ chronisch lymphatische Leukämie (CLL, Monotherapie)","Leucémie lymphoïde chronique dès la 2ème ligne (LLC, monothérapie)","2L+ Leucemia linfatica cronica (LLC, monoterapia)",21651.03,21651,Calquence,CALQUEtab.03
495,Patienten mit Hämophilie A ohne Inhibitoren:,Patients atteints d’hémophilie A sans inhibiteurs:,Pazienti con emofilia A senza inibitori:,21887.01,21887,Hympavzi,HYMPAVZI.01
496,Patienten mit Hämophilie B ohne Inhibitoren:,Patients atteints d’hémophilie B sans inhibiteurs:,Pazienti con emofilia B senza inibitori:,21887.02,21887,Hympavzi,HYMPAVZI.02
497,Für beide Indikationen gelten folgende Vergütungsbedingungen:,Les conditions de remboursement suivantes s’appliquent aux deux indications:,Per entrambe le indicazioni si applicano le seguenti condizioni di rimborso:,21887.XX,21887,Hympavzi,HYMPAVZI.XX
500,1L fortgeschrittenes Nierenzellkarzinom (RCC) (in Kombination mit Lenvatinib) KN581,1L Carcinome à cellules rénales avancé (CCR) (en association au lenvatinib) KN581,1L Carcinoma a cellule renali avanzato (RCC) (in associazione con lenvatinib) KN581,20416.18,20416,Keytruda,KEYTRUDA.18
501,2L Endometriumkarzinom (in Kombination mit Lenvatinib) (KN775),2L Carcinome de l'endomètre (en association au lenvatinib) KN-775,2L Carcinoma endometriale (in associazione con lenvatinib) (KN-775),20416.19,20416,Keytruda,KEYTRUDA.19
502,"1L HER2+ Magenkarzinom oder Karzinom des gastroösophagealen Übergangs (GEJC) (in Kombination mit Trastuzumbab, Fluoropyrimidin und platinbasierter Chemotherapie) KN811",1L Carcinome gastrique HER2+ ou carcinome de la jonction œsogastrique (GEJC) (en association avec trastuzumab et chimiothérapie à base de fluoropyrimidine et de platine) KN811,1L Carcinoma gastrico HER2+ o carcinoma della giunzione gastroesofagea (GEJC) (in combinazione con trastuzumab e chemioterapia a base di fluoropirimidina e platino) KN811,20416.20,20416,Keytruda,KEYTRUDA.20
503,1L HER2- negatives Magenkarzinom oder Karzinom des gastroösophagealen Übergangs (GEJC) (in Kombination mit Fluoropyrimidin und platinbasierter Chemotherapie KN859,1L Carcinome gastrique HER2-négatif ou carcinome de la jonction œsogastrique (GEJC) (en association à une chimiothérapie à base de fluoropyrimidine et de platine) KN859,1L Carcinoma gastrico HER2-negativo o carcinoma della giunzione gastroesofagea (GEJC) (in combinazione con chemioterapia a base di fluoropirimidina e platino) KN859,20416.21,20416,Keytruda,KEYTRUDA.21
504,Biliäres Karzinom KN966,Carcinome des voies biliaires KN966,Carcinoma biliare KN966,20416.22,20416,Keytruda,KEYTRUDA.22
505,Zervixkarzinom im FIGO 2014 Stadium III-IVA KNA18,Cancer du col de l'utérus de stade III-IVA selon la classification FIGO 2014 KNA18,Carcinoma cervicale in stadio III-IVA secondo FIGO 2014 KNA18,20416.24,20416,Keytruda,KEYTRUDA.24
506,Nierenzellkarzinom (RCC) adjuvant KN564,Carcinome à cellules rénales (CCR) adjuvant KN564,Carcinoma a cellule renali (RCC) adiuvante KN564,20416.25,20416,Keytruda,KEYTRUDA.25
507,1L fortgeschrittenes (nicht resezierbares oder metastasiertes) Nierenzellkarzinom mit intermediärem/ungünstigem Risikoprofil von erwachsenen Patienten,1L carcinome à cellules rénales avancé (non résécable ou métastatique) présentant un profil de risque intermédiaire/défavorable chez des patients adultes,1L carcinoma a cellule renali avanzato (non resecabile o metastatico) con un profilo di rischio intermedio/sfavorevole per pazienti adulti,20679.01,20679,Kisplyx,KISPLYX.01
508,Differenziertes Schilddrüsenkarzinom (DTC),Carcinome thyroïdien différencié (DTC),Carcinoma della tiroide differenziato (DTC),20408.01,20408,Lenvima,LENVIMA.01
509,Hepatozelluläres Karzinom (HCC),Carcinome hépatocellulaire (HCC),Carcinoma epatocellulare (HCC),20408.02,20408,Lenvima,LENVIMA.02
510,2L Endometriumkarzinom (in Kombination mit Pembrolizumab),"2L Carcinome de l'endomètre (EC), en association avec le pembrolizumab","2L Carcinoma endometriale (EC), in combinazione con pembrolizumab",20408.03,20408,Lenvima,LENVIMA.03
511,REVLIMID in Kombination mit Ixazomib und Dexamethason,REVLIMID en association avec l’ixazomib et la dexaméthasone,REVLIMID in combinazione con ixazomib e desametasone,18541.09,18541,Revlimid,REVLIMID.09
512,Für alle vergütungspflichtigen Indikationen gilt:,Valable pour toutes les indications remboursées:,A tutte le indicazioni con obbligo di rimunerazione si applica quanto segue:,20764.XX,20764,Venclyxto,VENCLYXTO.XX
514,Chronisch lymphatische Leukämie in Kombination mit Rituximab,Leucémie lymphoïde chronique en association avec du rituximab,Leucemia linfatica cronica in combinazione con rituximab,20764.02,20764,Venclyxto,VENCLYXTO_02
516,Chronisch lymphatische Leukämie in Kombination mit Obinutuzumab,Leucémie lymphoïde chronique en association avec obinutuzumab,Leucemia linfatica cronica in combinazione con Obinutuzumab,20764.04,20764,Venclyxto,VENCLYXTO_04
517,Für alle vergütungspflichtigen Indikationen gilt:,Valable pour toutes les indications remboursées:,A tutte le indicazioni con obbligo di rimunerazione si applica quanto segue:,20819.XX,20819,Dupixent,DUPIXENT.XXa
518,Atopische Dermatitis – Säuglinge und Kinder 6 Monate bis 5 Jahre,Dermatite atopique – Nourrissons et enfants de 6 mois à 5 ans,Dermatite atopica – Lattanti e bambini dai 6 mesi ai 5 anni,20819.07,20819,Dupixent,DUPIXENT.07
520,Prurigo nodularis - Erwachsene,Prurigo nodulaire - Adultes:,Prurigo nodulare - Adulti:,20819.08,20819,Dupixent,DUPIXENT.08
526,BEVACIZUMAB-TEVA in Kombination mit Trifluridin/Tipiracil (LONSURF) zur Behandlung des metastasierten kolorektalen Karzinom (KRK),BEVACIZUMAB-TEVA en association avec Trifluridin/Tipiracil (LONSURF) pour le traitement d'un cancer colorectal métastatique (CCR),BEVACIZUMAB-TEVA in associazione con atezolizumab (TECENTRIQ) per il trattamento di adulti affetti da carcinoma colorettale metastatico (CRC),21264.10,21264,Bevacizumab-Teva,BEVACIZUM.10
527,Für alle vergütungspflichtigen Indikationen gilt:,Valable pour toutes les indications remboursées:,"Per tutte le indicazioni che richiedono un rimborso, è stabilito:",20642.XX,20642,Lonsurf,LONSURF.XX
528,Kolorektales Karzinom (KRK) – Monotherapie,Cancer colorectal (CRC) – Monothérapie,Carcinoma colorettale (CRC) – Monoterapia,20642.01,20642,Lonsurf,LONSURF.01
530,Kolorektales Karzinom (KRK) – Kombination mit Bevacizumab,Cancer colorectal (CRC) – Association avec Bevacizumab,Carcinoma colorettale (CRC) – Associazione con Bevacizumab,20642.03,20642,Lonsurf,LONSURF.03
531,MVASI in Kombination mit Trifluridin/Tipiracil (LONSURF) zur Behandlung des metastasierten kolorektalen Karzinom (KRK),MVASI en association avec Trifluridin/Tipiracil (LONSURF) pour le traitement d'un cancer colorectal métastatique (CCR),MVASI in associazione con atezolizumab (TECENTRIQ) per il trattamento di adulti affetti da carcinoma colorettale metastatico (CRC),21084.10,21084,Mvasi,MVASI.10
532,Schweres eosinophiles Asthma,Asthme éosinophilique sévère,Asma eosinofilo severo,21053.01,21053,Nucala,NUCALA.01
533,Chronische Rhinosinusitis mit Nasenpolypen (CRSwNP),Rhinosinusite chronique avec polypes nasaux (RSCaPN),Rinosinusite cronica con polipi nasali (CRSwNP),21053.02,21053,Nucala,NUCALA_02
537,Nicht-kleinzelliges Lungenkarzinom (NSCLC) 20461.17 | Kombination mit Ipilimumab und zwei Zyklen platinbasierter Chemotherapie,Cancer bronchique non à petites cellules (CBNPC) 20461.17,Carcinoma polmonare non a piccole cellule (NSCLC) 20461.17,20461.17,20461,Opdivo,OPDIVO.17
538,OYAVAS in Kombination mit Trifluridin/Tipiracil (LONSURF) zur Behandlung des metastasierten kolorektalen Karzinom (KRK),OYAVAS en association avec Trifluridin/Tipiracil (LONSURF) pour le traitement d'un cancer colorectal métastatique (CCR),OYAVAS in associazione con atezolizumab (TECENTRIQ) per il trattamento di adulti affetti da carcinoma colorettale metastatico (CRC),21272.10,21272,Oyavas,OYAVAS.10
541,Nicht-kleinzelliges Lungenkarzinom (NSCLC) | Kombination mit Nivolumab und zwei Zyklen platinbasierter Chemotherapie,Cancer bronchique non à petites cellules (CBNPC) | association avec le nivolumab et deux cycles de chimiothérapie à base de platine,Carcinoma polmonare non a piccole cellule (NSCLC) | combinazione con nivolumab e due cicli di chemioterapia a base di platino,19520.07,19520,Yervoy,YERVOY.07
542,"Mantelzelllymphom (MCL, Monotherapie)","Lymphome à cellules du manteau (LCM, monothérapie)","Linfoma mantellare (MCL, monoterapia)",21651.04,21651,Calquence,CALQUENCE.04
548,Für alle vergütungspflichtigen Indikationen gilt:,Valable pour toutes les indications remboursables:,Per tutte le indicazioni rimborsabili:,20481.XX,20481,Kyprolis,KYPROLIS.XX
549,KYPROLIS in Kombination mit Lenalidomid und Dexamethason (KRd),KYPROLIS en association avec le lénalidomide et la dexaméthasone (KRd),KYPROLIS in combinazione con lenalidomide e desametasone (KRd),20481.06,20481,Kyprolis,KYPROLIS.06
550,KYPROLIS in Kombination mit Dexamethason (Kd) | Maximal 56 mg Carfilzomib/m2 zweimal wöchentlich. | Maximal 70 mg Carfilzomib/m2 einmal wöchentlich.,KYPROLIS en association avec la dexaméthasone (Kd) | Au maximum 56 mg de carfilzomib /m2 deux fois par semaine. | Au maximum 70 mg de carfilzomib /m2 une fois par semaine.,KYPROLIS in combinazione con desametasone (Kd) | Al massimo 56 mg di carfilzomib/m2 due volte alla settimana. | Al massimo 70 mg di carfilzomib/m2 una volta alla settimana.,20481.04,20481,Kyprolis,KYPROLIS.Kd
551,KYPROLIS in Kombination mit Dexamethason (Kd) | Maximal 56 mg Carfilzomib/m2 zweimal wöchentlich. | Maximal 70 mg Carfilzomib/m2 einmal wöchentlich.,KYPROLIS en association avec la dexaméthasone (Kd) | Au maximum 56 mg de carfilzomib /m2 deux fois par semaine. | Au maximum 70 mg de carfilzomib /m2 une fois par semaine.,KYPROLIS in combinazione con desametasone (Kd) | Al massimo 56 mg di carfilzomib/m2 due volte alla settimana. | Al massimo 70 mg di carfilzomib/m2 una volta alla settimana.,20481.05,20481,Kyprolis,KYPROLIS.Kd
552,KYPROLIS in Kombination mit Daratumumab und Dexamethason (KDd) | Maximal 56 mg Carfilzomib/m2 zweimal wöchentlich. | Maximal 70 mg Carfilzomib/m2 einmal wöchentlich.,KYPROLIS en association avec le daratumumab et la dexaméthasone (KDd) | Au maximum 56 mg de carfilzomib /m2 deux fois par semaine. | Au maximum 70 mg de carfilzomib /m2 une fois par semaine.,KYPROLIS in combinazione con daratumumab e desametasone (KDd) | Al massimo 56 mg di carfilzomib/m2 due volte alla settimana. | Al massimo 70 mg di carfilzomib/m2 una volta alla settimana.,20481.02,20481,Kyprolis,KYPROLIS.Dd
553,KYPROLIS in Kombination mit Daratumumab und Dexamethason (KDd) | Maximal 56 mg Carfilzomib/m2 zweimal wöchentlich. | Maximal 70 mg Carfilzomib/m2 einmal wöchentlich.,KYPROLIS en association avec le daratumumab et la dexaméthasone (KDd) | Au maximum 56 mg de carfilzomib /m2 deux fois par semaine. | Au maximum 70 mg de carfilzomib /m2 une fois par semaine.,KYPROLIS in combinazione con daratumumab e desametasone (KDd) | Al massimo 56 mg di carfilzomib/m2 due volte alla settimana. | Al massimo 70 mg di carfilzomib/m2 una volta alla settimana.,20481.03,20481,Kyprolis,KYPROLIS.Dd
554,1L NSCLC (in Kombination mit Amivantamab),1L CBNPC (en combinaison avec amivantamab),1L NSCLC (in combinazione con amivantamab),21934.01,21934,Lazcluze,LAZCLUZE.01a
556,Atopische Dermatitis – Erwachsene und Jugendliche ab 12 Jahren (ohne Preismodell),Dermatite atopique – adultes et adolescents de 12 ans et plus (sans modèle de prix),Dermatite atopica – Adulti e adolescenti a partire dai 12 anni (senza modello di prezzo),21912.01,21912,Nemluvio,NEMLUVIO.01
557,Prurigo nodularis – Erwachsene (mit Preismodell),Prurigo nodulaire – Adultes (avec modèle de prix),Prurigo nodulare – Adulti (con modello di prezzo),21912.02,21912,Nemluvio,NEMLUVIO.02
559,Metastasiertes Mammakarzinom,Cancer du sein métastatique,Carcinoma mammario metastatico,21206.01,21206,Phesgo,PHESGO.01
560,Neoadjuvante Therapie des Mammakarzinoms,Traitement néoadjuvant du cancer du sein,Terapia neoadiuvante del carcinoma mammario,21206.02,21206,Phesgo,PHESGO.02
561,Adjuvante Therapie des Mammakarzinoms,Traitement adjuvant du cancer du sein,Terapia adiuvante del carcinoma mammario,21206.03,21206,Phesgo,PHESGO.03
562,1L NSCLC (in Kombination mit Lazertinib),1L CBNPC (en combinaison avec lazertinib),1L NSCLC (in combinazione con lazertinib),21390.04,21390,Rybrevant,RYBREVANT.04
566,Für die Indikationen Morbus Crohn und Colitis Ulcerosa gilt:,Valable pour les indications maladie de Crohn et colite ulcéreuse:,Per le indicazioni morbo di Crohn e colite ulcerosa si applica quanto segue:,20922.XX,21718,Skyrizi,SKYRIZI.XX
567,Morbus Crohn (nur 360 mg und 600 mg),Maladie de Crohn (uniquement 360 mg et 600 mg),Morbo di Crohn (solo 360 mg e 600 mg),20922.03,21718,Skyrizi,SKYRIZI.03a
568,"Colitis Ulcerosa (nur 180 mg, 360 mg, 600 mg, 2 Stk.)","Colite ulcéreuse (uniquement 180 mg, 360 mg, 600 mg, 2 pces)","Colite ulcerosa (solo 180 mg, 360 mg, 600 mg, 2 pz.)",20922.04,21718,Skyrizi,SKYRIZI.04
579,VEGZELMA in Kombination mit Trifluridin/Tipiracil (LONSURF) zur Behandlung des metastasierten kolorektalen Karzinom (KRK),VEGZELMA en association avec Trifluridin/Tipiracil (LONSURF) pour le traitement d'un cancer colorectal métastatique (CCR),VEGZELMA in associazione con atezolizumab (TECENTRIQ) per il trattamento di adulti affetti da carcinoma colorettale metastatico (CRC),21617.10,21617,Vegzelma,VEGZELMA.10
581,ZIRABEV in Kombination mit Trifluridin/Tipiracil (LONSURF) zur Behandlung des metastasierten kolorektalen Karzinom (KRK),ZIRABEV en association avec Trifluridin/Tipiracil (LONSURF) pour le traitement d'un cancer colorectal métastatique (CCR),ZIRABEV in associazione con atezolizumab (TECENTRIQ) per il trattamento di adulti affetti da carcinoma colorettale metastatico (CRC),21090.10,21090,Zirabev,ZIRABEV.10
583,"Lokal rezidiverendes, nicht resezierbares oder metastasiertes triple-negatives Mammakarzinom (in Kombination mit Chemotherapie) KN355","Cancer du sein triple négatif (TNBC) localement récidivant, non résécable ou métastatique (en association à une chimiothérapie) KN355","Carcinoma mammario triplo negativo (TNBC) localmente recidivante, non resecabile o metastatico (in associazione con la chemioterapia) KN355",20416.17,20416,Keytruda,KEYTRUDA.17
584,Triple-negatives Mammakarzinom (TNBC) neoadjuvant/adjuvant KN522,Cancer du sein triple-négatif (TNBC) néoadjuvant/adjuvant KN522,Carcinoma mammario triplo negativo (TNBC) neoadiuvante/adiuvante KN522,20416.23,20416,Keytruda,KEYTRUDA.23
585,"NSCLC im Frühstadium, adjuvant KN091","NSCLC au stade précoce, adjuvant KN091","NSCLC in stadio precoce, adiuvante KN091",20416.26,20416,Keytruda,KEYTRUDA.26
588,Morbus Crohn,Maladie de Crohn,Morbo di Crohn,20752.03,20752,Tremfya,TREMFYASP.03
589,Colitis Ulcerosa,Colite Ulcéreuse,Colite Ulcerosa,20752.04,20752,Tremfya,TREMFYASP.04
592,Morbus Crohn,Maladie de Crohn,Morbo di Crohn,21007.03,21007,Tremfya,TREMFYAPE.03
593,Colitis Ulcerosa,Colite Ulcéreuse,Colite Ulcerosa,21007.04,21007,Tremfya,TREMFYAPE.04
594,Morbus Crohn,Maladie de Crohn,Morbo di Crohn,22017.03,22017,Tremfya,TREMFYADF.03
595,Colitis Ulcerosa,Colite Ulcéreuse,Colite Ulcerosa,22017.04,22017,Tremfya,TREMFYADF.04
596,Neuromyelitis-Optica-Spektrum-Erkrankung (NMOSD),Maladies du spectre de la neuromyélite optique (NMOSD),Spettro dei disordini della neuromielite ottica (NMOSD),21119.01,21119,Enspryng,ENSPRYNG
597,Chronische lymphatische Leukämie (CLL),Leucémie lymphoïde chronique (LLC),Leucemia linfatica cronica (LLC),20248.01,20248,Gazyvaro,GAZYVARO4
600,Metastasierter Brustkrebs,Cancer du sein métastatique,Carcinoma mammario metastatico,20084.01,20084,Kadcyla,KADCYLA.01
601,Adjuvante Behandlung,Traitement adjuvant,Trattamento adiuvante,20084.02,20084,Kadcyla,KADCYLA2mono
609,KYPROLIS in Kombination mit Isatuximab und Dexamethason (IsaKd),KYPROLIS en association avec le isatuximab et la dexaméthasone (IsaKd),KYPROLIS in combinazione con isatuximab e desametasone (IsaKd),20481.07,20481,Kyprolis,KYPROLIS.07
645,"REVLIMID in Kombination mit Isatuximab, Bortezomib und Dexamethason (IsaVRd)","REVLIMID en association avec l’ Isatuximab, la bortezomib  et la dexaméthasone","REVLIMID in combinazione con isatuximab, bortezomib e desametasone",18541.14,18541,Revlimid,REVLIMID.14
647,Für alle vergütungspflichtigen Indikationen gilt:,Valable pour toutes les indications remboursables :,Per tutte le indicazioni rimborsabili:,21099.XX,21099,Sarclisa,SARCLISA.XX
649,SARCLISA in Kombination mit Carfilzomib und Dexamethason,SARCLISA en association avec le carfilzomib et la dexaméthasone,SARCLISA in combinazione con carfilzomib e desametasone,21099.02,21099,Sarclisa,SARCLISA.02
650,"SARCLISA in Kombination mit Bortezomib, Lenalidomid und Dexamethason","SARCLISA en association avec le bortézomib, le lénalidomide et la dexaméthasone","SARCLISA in associazione con bortezomib, lenalidomide e desametasone",21099.03,21099,Sarclisa,SARCLISA.03
653,Plaque-Psoriasis,Psoriasis en plaque,Psoriasi a placche,20532.01,20532,Taltz,TALTZ.01
654,Psoriasis-Arthritis,Arthrite psoriasique,Artrite psoriasica,20532.02,20532,Taltz,TALTZ.02
659,Für alle vergütungspflichtigen Indikationen gilt:,Valable pour toutes les indications remboursées :,A tutte le indicazioni con obbligo di rimunerazione si applica quanto segue:,21785.XX,21785,Tevimbra,TEVIMBRA.XX
660,Ösophageales Plattenepithelkarzinom (ESCC 2L Monotherapie) 21785.01,Carcinome épidermoïde de l'œsophage (CEO 2L monothérapie) 21785.01,"Carcinoma a cellule squamose dell’esofago (ESCC 2L, monoterapia) 21785.1",21785.01,21785,Tevimbra,TEVIMBRA.01
661,Ösophageales Plattenepithelkarzinom (ESCC 1L in Kombination mit Chemotherapie) 21785.02,"Carcinome épidermoïde de l'œsophage (CEO 1L, en association avec une chimiothérapie) 21785.02",Carcinoma a cellule squamose dell’esofago (ESCC 1L in combinazione con chemioterapia) 21785.02,21785.02,21785,Tevimbra,TEVIMBRA.02
662,Adenokarzinom des Magens oder des gastroösophagealen Übergangs (G/GEJ 1L in Kombination mit Chemotherapie) 21785.03,"Adénocarcinome de l’estomac ou de la jonction gastro-œsophagienne (G/GEJ 1L, en association avec une chimiothérapie) 21785.03",Adenocarcinoma gastrico o della giunzione gastroesofagea (G/GEJ 1L in combinazione con chemioterapia) 21785.03,21785.03,21785,Tevimbra,TEVIMBRA.03
693,HER2-positiver Brustkrebs (3L+),Cancer du sein HER2 positif (3L+),Cancro della mammella HER2-positivo (3L+),21338.02,21338,Enhertu,ENHERTU.02
694,Schweres eosinophiles Asthma,Asthme sévère à éosinophiles,Asma eosinofilo severo,20735.01,20735,Fasenra,FASENRA.01
695,Eosinophile Granulomatose mit Polyangiitis (EGPA),Granulomatose éosinophilique avec polyangéite (GEPA),Granulomatosi eosinofila con poliangioite (EGPA),20735.02,20735,Fasenra,FASENRA.02
698,Für alle vergütungspflichtigen Indikationen gilt:,Pour toutes les indications soumises à obligation de remboursement:,,21593.XX,21593,Mounjaro,MOUNJARO.Ein
699,Typ 2 Diabetes mellitus,Diabète de type 2,Diabete mellito di tipo 2,21593.01,21593,Mounjaro,MOUNJARO.01
700,Gewichtsregulierung Erwachsene: | ODER | UND,Régulation du poids chez l’adulte: | OU,Regolazione del peso negli adulti: | OPPURE,21593.02,21593,Mounjaro,MOUNJARO.02
701,Für alle vergütungspflichtigen Indikationen gilt:,Pour toutes les indications soumises à obligation de remboursement:,,21977.XX,21977,Mounjaro KwikPen,MOUNJARO.Ein
702,Typ 2 Diabetes mellitus,Diabète de type 2,Diabete mellito di tipo 2,21977.01,21977,Mounjaro KwikPen,MOUNJARO.01K
703,Gewichtsregulierung Erwachsene: | ODER | UND,Régulation du poids chez l’adulte: | OU,Regolazione del peso negli adulti: | OPPURE,21977.02,21977,Mounjaro KwikPen,MOUNJARO.02K
704,CMV-Prophylaxe bei Empfängern eines hämatopoetischen Stammzelltransplantats (HSZT),Prophylaxie du CMV chez les receveurs d'une greffe de cellules souches hématopoïétiques (GCSH),Profilassi anti-CMV nei riceventi di un trapianto di cellule staminali ematopoietiche (HSCT),20765.01,20765,Prevymis,PREVYMIS.01
705,CMV-Prophylaxe bei Nierentransplantatempfängern (nur für 240 mg Filmtabletten und 480 mg Filmtabletten),Prophylaxie du CMV chez les receveurs d'une greffe rénale (uniquement pour 240 mg comprimés pelliculés et 480 mg comprimés pelliculés),Profilassi anti-CMV nei riceventi di un trapianto renale (solo dosaggio da 240 mg compresse rivestite e 480 mg compresse rivestite),20765.02,20765,Prevymis,PREVYMIS.02
706,Ovarialkarzinom mit platin-sensitivem Rezidiv (2L+),Cancer de l'ovaire sensible au platine et récidivant (2L+),Tumore ovarico sensibile al platino e recidivato (2L+),21597.01,21597,Zejula,ZEJULA.01b
