indication_name_de,indication_name_fr,indication_name_it,product_name,bag_dossier_no,segment_count
Aktiver Morbus Crohn,Maladie de Crohn active,Malattia di Crohn attiva,Amgevita,20992,90
Aktive polyartikuläre juvenile idiopathische Arthritis bei Kindern und Jugendlichen im Alter von 4 bis 17 Jahren,L'arthrite juvénile idiopathique polyarticulaire chez les enfants et adolescents de 4 à 17 ans,Artrite poliarticolare idiopatica giovanile in bambini e adolescenti di età compresa tra 4 e 17 anni,Amgevita,20992,81
Aktive rheumatoide Arthritis,Polyarthrite rhumatoïde,Artrite reumatoide,Amgevita,20992,63
"Aktive, mittelschwere bis schwere Hidradenitis suppurativa (Acne inversa)",Formes actives modérées à sévères d’hidradénite suppurée (maladie de Verneuil),Forme attive da moderate a gravi di hidradenitis suppurativa (malattia di Verneuil),Amgevita,20992,63
Ankylosierende Spondylitis (Morbus Bechterew),Maladie de Bechterew/Spondylarthrite Ankylosante,Malattia di Bekhterev/Spondilite Anchilosante,Amgevita,20992,63
Moderate bis schwere Colitis ulcerosa,Colite ulcéreuse modérée à grave,Colite ulcerosa da moderata a grave,Amgevita,20992,63
Aktive rheumatoide Arthritis,Polyarthrite rhumatoïde,Artrite reumatoide,Amgevita,21009,49
"Aktive, mittelschwere bis schwere Hidradenitis suppurativa (Acne inversa)",Formes actives modérées à sévères d’hidradénite suppurée (maladie de Verneuil),Forme attive da moderate a gravi di hidradenitis suppurativa (malattia di Verneuil),Amgevita,21009,49
Aktiver Morbus Crohn,Maladie de Crohn active,Malattia di Crohn attiva,Amgevita,21009,49
Ankylosierende Spondylitis (Morbus Bechterew),Maladie de Bechterew/Spondylarthrite Ankylosante,Malattia di Bekhterev/Spondilite Anchilosante,Amgevita,21009,49
Moderate bis schwere Colitis ulcerosa,Colite ulcéreuse modérée à grave,Colite ulcerosa da moderata a grave,Amgevita,21009,49
Aktive polyartikuläre juvenile idiopathische Arthritis bei Kindern und Jugendlichen im Alter von 4 bis 17 Jahren,L'arthrite juvénile idiopathique polyarticulaire chez les enfants et adolescents de 4 à 17 ans,Artrite poliarticolare idiopatica giovanile in bambini e adolescenti di età compresa tra 4 e 17 anni,Hyrimoz,20968,45
Aktiver Morbus Crohn,Maladie de Crohn active,Malattia di Crohn attiva,Hyrimoz,20968,45
Austausch Referenzpräparat/Biosimilar,Substitution préparation de référence/biosimilaire,Sostituzione preparato di riferimento/biosimilare,Amgevita,20992,45
Aktive polyartikuläre juvenile idiopathische Arthritis bei Kindern und Jugendlichen im Alter von 4 bis 17 Jahren,Arthrite juvénile idiopathique polyarticulaire chez les enfants et adolescents de 4 à 17,Artrite poliarticolare idiopatica giovanile in bambini e adolescenti di età compresa tra 4 e 17,Amgevita,21009,42
Aktive rheumatoide Arthritis,Polyarthrite rhumatoïde,Artrite reumatoide,Hyrimoz,20968,27
"Aktive, mittelschwere bis schwere Hidradenitis suppurativa (Acne inversa)",Formes actives modérées à sévères d’hidradénite suppurée (maladie de Verneuil) ,Forme attive da moderate a gravi di hidradenitis suppurativa (malattia di Verneuil) ,Hyrimoz,20968,27
Ankylosierende Spondylitis (Morbus Bechterew),Maladie de Bechterew/Spondylarthrite Ankylosante,Malattia di Bekhterev/Spondilite Anchilosante,Hyrimoz,20968,27
Moderate bis schwere Colitis ulcerosa,Colite ulcéreuse modérée à grave,Colite ulcerosa da moderata a grave,Hyrimoz,20968,27
Aktive polyartikuläre juvenile idiopathische Arthritis bei Kindern und Jugendlichen im Alter von 4 bis 17 Jahren ab einem Körpergewicht von ≥30 kg,Arthrite juvénile idiopathique polyarticulaire chez les enfants et adolescents de 4 à 17 ans avecun poids corporel ≥ 30 kg,Artrite poliarticolare idiopatica giovanile in bambini e adolescenti di età compresa tra 4 e 17 anni con un peso corporeo ≥ 30 kg,Imraldi,21076,24
Aktive polyartikuläre juvenile idiopathische Arthritis bei Kindern und Jugendlichen im Alter von 4 bis 17 Jahren ab einem Körpergewicht von ≥30 kg,Arthrite juvénile idiopathique polyarticulaire chez les enfants et adolescents de 4 à 17 ans avecun poids corporel ≥ 30 kg,Artrite poliarticolare idiopatica giovanile in bambini e adolescenti di età compresa tra 4 e 17 anni con un peso corporeo ≥ 30 kg,Imraldi,21079,24
Aktive rheumatoide Arthritis,Polyarthrite rhumatoïde,Artrite reumatoide,Imraldi,21076,24
Aktive rheumatoide Arthritis,Polyarthrite rhumatoïde,Artrite reumatoide,Imraldi,21079,24
"Aktive, mittelschwere bis schwere Hidradenitis suppurativa (Acne inversa)",Formes actives modérées à sévères d’hidradénite suppurée (maladie de Verneuil),Forme attive da moderate a gravi di hidradenitis suppurativa (malattia di Verneuil) ,Imraldi,21076,24
"Aktive, mittelschwere bis schwere Hidradenitis suppurativa (Acne inversa)",Formes actives modérées à sévères d’hidradénite suppurée (maladie de Verneuil),Forme attive da moderate a gravi di hidradenitis suppurativa (malattia di Verneuil) ,Imraldi,21079,24
Aktiver Morbus Crohn,Maladie de Crohn active,Malattia di Crohn attiva,Imraldi,21076,24
Aktiver Morbus Crohn,Maladie de Crohn active,Malattia di Crohn attiva,Imraldi,21079,24
Ankylosierende Spondylitis (Morbus Bechterew),Maladie de Bechterew/Spondylarthrite Ankylosante,Malattia di Bekhterev/Spondilite Anchilosante,Imraldi,21076,24
Ankylosierende Spondylitis (Morbus Bechterew),Maladie de Bechterew/Spondylarthrite Ankylosante,Malattia di Bekhterev/Spondilite Anchilosante,Imraldi,21079,24
Moderate bis schwere Colitis ulcerosa,Colite ulcéreuse modérée à grave,Colite ulcerosa da moderata a grave,Imraldi,21076,24
Moderate bis schwere Colitis ulcerosa,Colite ulcéreuse modérée à grave,Colite ulcerosa da moderata a grave,Imraldi,21079,24
Aktive polyartikuläre juvenile idiopathische Arthritis bei Kindern und Jugendlichen im Alter von 4 bis 17 Jahren,L'arthrite juvénile idiopathique polyarticulaire chez les enfants et adolescents de 4 à 17 ans,Artrite poliarticolare idiopatica giovanile in bambini e adolescenti di età compresa tra 4 e 17 anni,Hyrimoz SensoReady,20969,21
Aktive rheumatoide Arthritis,Polyarthrite rhumatoïde,Artrite reumatoide,Hyrimoz SensoReady,20969,21
"Aktive, mittelschwere bis schwere Hidradenitis suppurativa (Acne inversa)",Formes actives modérées à sévères d’hidradénite suppurée (maladie de Verneuil) ,Forme attive da moderate a gravi di hidradenitis suppurativa (malattia di Verneuil) ,Hyrimoz SensoReady,20969,21
Aktiver Morbus Crohn,Maladie de Crohn active,Malattia di Crohn attiva,Hyrimoz SensoReady,20969,21
Ankylosierende Spondylitis (Morbus Bechterew),Maladie de Bechterew/Spondylarthrite Ankylosante,Malattia di Bekhterev/Spondilite Anchilosante,Hyrimoz SensoReady,20969,21
Austausch Referenzpräparat/Biosimilar,Substitution préparation de référence/biosimilaire,Sostituzione preparato di riferimento/biosimilare,Amgevita,21009,21
Moderate bis schwere Colitis ulcerosa,Colite ulcéreuse modérée à grave,Colite ulcerosa da moderata a grave,Hyrimoz SensoReady,20969,21
Aktive rheumatoide Arthritis,Polyarthrite rhumatoïde,Artrite reumatoide,Hulio,21095,19
"Aktive, mittelschwere bis schwere Hidradenitis suppurativa (Acne inversa)",Formes actives modérées à sévères d’hidradénite suppurée (maladie de Verneuil) ,Forme attive da moderate a gravi di hidradenitis suppurativa (malattia di Verneuil) ,Hulio,21095,19
Aktiver Morbus Crohn,Maladie de Crohn active,Malattia di Crohn attiva,Hulio,21095,19
Ankylosierende Spondylitis (Morbus Bechterew),Maladie de Bechterew/Spondylarthrite Ankylosante,Malattia di Bekhterev/Spondilite Anchilosante,Hulio,21095,19
Moderate bis schwere Colitis ulcerosa,Colite ulcéreuse modérée à grave,Colite ulcerosa da moderata a grave,Hulio,21095,19
Austausch Referenzpräparat/Biosimilar,Substitution préparation de référence/biosimilaire,Sostituzione preparato di riferimento/biosimilare,Hyrimoz,20968,18
Aktive polyartikuläre juvenile idiopathische Arthritis bei Kindern und Jugendlichen im Alter von 4 bis 17 Jahren,L'arthrite juvénile idiopathique polyarticulaire chez les enfants et adolescents de 4 à 17 ans,Artrite poliarticolare idiopatica giovanile in bambini e adolescenti di età compresa tra 4 e 17 anni,Hulio,21095,15
Aktive Psoriasis Arthritis,Arthrite psoriasique,Artrite psoriasica,Cosentyx,20311,14
Schwere Plaque Psoriasis,Formes sévères de psoriasis en plaque,Psoriasi a placche severa,Cosentyx,20311,14
Aktive polyartikuläre juvenile idiopathische Arthritis bei Kindern und Jugendlichen ab einem Körpergewicht von ≥ 30 kg,L'arthrite juvénile idiopathique polyarticulaire chez les enfants et adolescents avec un poids corporel ≥ 30 kg,Artrite poliarticolare idiopatica giovanile in bambini e adolescenti con peso corporeo ≥ 30 kg,Hukyndra,21452,12
Aktive rheumatoide Arthritis,Polyarthrite rhumatoïde,Artrite reumatoide,Hukyndra,21452,12
"Aktive, mittelschwere bis schwere Hidradenitis suppurativa (Acne inversa)",Formes actives modérées à sévères d’hidradénite suppurée (maladie de Verneuil),Forme attive da moderate a gravi di hidradenitis suppurativa (malattia di Verneuil),Hukyndra,21452,12
Aktiver Morbus Crohn,Maladie de Crohn active,Malattia di Crohn attiva,Hukyndra,21452,12
Ankylosierende Spondylitis (Morbus Bechterew),Maladie de Bechterew/Spondylarthrite Ankylosante,Malattia di Bekhterev/Spondilite Anchilosante,Hukyndra,21452,12
Austausch Referenzpräparat/Biosimilar,Substitution préparation de référence/biosimilaire,Sostituzione preparato di riferimento/biosimilare,Imraldi,21076,12
Austausch Referenzpräparat/Biosimilar,Substitution préparation de référence/biosimilaire,Sostituzione preparato di riferimento/biosimilare,Imraldi,21079,12
Moderate bis schwere Colitis ulcerosa,Colite ulcéreuse modérée à grave,Colite ulcerosa da moderata a grave,Hukyndra,21452,12
Aktive rheumatoide Arthritis,Polyarthrite rhumatoïde,Artrite reumatoide,Idacio,21086,11
"Aktive, mittelschwere bis schwere Hidradenitis suppurativa (Acne inversa)",Formes actives modérées à sévères d’hidradénite suppurée (maladie de Verneuil) ,Forme attive da moderate a gravi di hidradenitis suppurativa (malattia di Verneuil) ,Idacio,21086,11
Aktiver Morbus Crohn,Maladie de Crohn active,Malattia di Crohn attiva,Idacio,21086,11
Ankylosierende Spondylitis (Morbus Bechterew),Maladie de Bechterew/Spondylarthrite Ankylosante,Malattia di Bekhterev/Spondilite Anchilosante,Idacio,21086,11
Moderate bis schwere Colitis ulcerosa,Colite ulcéreuse modérée à grave,Colite ulcerosa da moderata a grave,Idacio,21086,11
Aktive ankylosierende Spondylitis/Morbus Bechterew,Spondylarthrite Ankylosante/ Maladie de Bechterew,Spondilite anchilosante/Morbo di Bechterew,Cosentyx,20311,10
Aktive polyartikuläre juvenile idiopathische Arthritis bei Kindern und Jugendlichen ab einem Körpergewicht von ≥ 30 kg,L'arthrite juvénile idiopathique polyarticulaire chez les enfants et adolescents avec un poids corporel ≥ 30 kg,Artrite poliarticolare idiopatica giovanile in bambini e adolescenti con peso corporeo ≥ 30 kg,Hukyndra,21453,9
Aktive polyartikuläre juvenile idiopathische Arthritis bei Kindern und Jugendlichen im Alter von 4 bis 17 Jahren,L'arthrite juvénile idiopathique polyarticulaire chez les enfants et adolescents de 4 à 17 ans,Artrite poliarticolare idiopatica giovanile in bambini e adolescenti di età compresa tra 4 e 17 anni,Humira,17903,9
Aktive polyartikuläre juvenile idiopathische Arthritis bei Kindern und Jugendlichen im Alter von 4 bis 17 Jahren,L'arthrite juvénile idiopathique polyarticulaire chez les enfants et adolescents de 4 à 17 ans,Artrite poliarticolare idiopatica giovanile in bambini e adolescenti di età compresa tra 4 e 17 anni,Idacio,21086,9
Aktive polyartikuläre juvenile idiopathische Arthritis bei Kindern und Jugendlichen im Alter von 4 bis 17 Jahren ab einem Körpergewicht von ≥ 30 kg,Arthrite juvénile idiopathique polyarticulaire chez les enfants et adolescents de 4 à 17 ans avec un poids corporel ≥ 30 kg,Artrite poliarticolare idiopatica giovanile in bambini e adolescenti di età compresa tra 4 e 17 anni con peso corporeo ≥ 30 kg,Amgevita,20992,9
Aktive rheumatoide Arthritis,Polyarthrite rhumatoïde,Artrite reumatoide,Hukyndra,21453,9
"Aktive, mittelschwere bis schwere Hidradenitis suppurativa (Acne inversa)",Formes actives modérées à sévères d’hidradénite suppurée (maladie de Verneuil),Forme attive da moderate a gravi di hidradenitis suppurativa (malattia di Verneuil),Hukyndra,21453,9
Aktiver Morbus Crohn,Maladie de Crohn active,Malattia di Crohn attiva,Humira,17903,9
Aktiver Morbus Crohn,Maladie de Crohn active,Malattia di Crohn attiva,Hukyndra,21453,9
Ankylosierende Spondylitis (Morbus Bechterew),Maladie de Bechterew/Spondylarthrite Ankylosante,Malattia di Bekhterev/Spondilite Anchilosante,Hukyndra,21453,9
Austausch Referenzpräparat/Biosimilar,Substitution préparation de référence/biosimilaire,Sostituzione preparato di riferimento/biosimilare,Hulio,21095,9
Melanom,Mélanome avancé,Melanoma avanzato,Opdivo,20461,9
Moderate bis schwere Colitis ulcerosa,Colite ulcéreuse modérée à grave,Colite ulcerosa da moderata a grave,Hukyndra,21453,9
Aktive polyartikuläre juvenile idiopathische Arthritis bei Kindern und Jugendlichen ab einem Körpergewicht von ≥ 30 kg,L'arthrite juvénile idiopathique polyarticulaire chez les enfants et adolescents avec un poids corporel ≥ 30 kg,Artrite poliarticolare idiopatica giovanile in bambini e adolescenti con un peso corporeo ≥ 30 kg,Yuflyma,21479,8
Aktive polyartikuläre juvenile idiopathische Arthritis bei Kindern und Jugendlichen ab einem Körpergewicht von ≥ 30 kg,L'arthrite juvénile idiopathique polyarticulaire chez les enfants et adolescents avec un poids corporel ≥ 30 kg,Artrite poliarticolare idiopatica giovanile in bambini e adolescenti con un peso corporeo ≥ 30 kg,Yuflyma,21480,8
Aktive rheumatoide Arthritis,Polyarthrite rhumatoïde,Artrite reumatoide,Abrilada,21203,8
Aktive rheumatoide Arthritis,Polyarthrite rhumatoïde,Artrite reumatoide,Abrilada,21266,8
Aktive rheumatoide Arthritis,Polyarthrite rhumatoïde,Artrite reumatoide,Yuflyma,21479,8
Aktive rheumatoide Arthritis,Polyarthrite rhumatoïde,Artrite reumatoide,Yuflyma,21480,8
"Aktive, mittelschwere bis schwere Hidradenitis suppurativa (Acne inversa)",Formes actives modérées à sévères d’hidradénite suppurée (maladie de Verneuil),Forme attive da moderate a gravi di hidradenitis suppurativa (malattia di Verneuil),Abrilada,21203,8
"Aktive, mittelschwere bis schwere Hidradenitis suppurativa (Acne inversa)",Formes actives modérées à sévères d’hidradénite suppurée (maladie de Verneuil),Forme attive da moderate a gravi di hidradenitis suppurativa (malattia di Verneuil),Abrilada,21266,8
"Aktive, mittelschwere bis schwere Hidradenitis suppurativa (Acne inversa)",Formes actives modérées à sévères d’hidradénite suppurée (maladie de Verneuil) ,Forme attive da moderate a gravi di hidradenitis suppurativa (malattia di Verneuil) ,Yuflyma,21479,8
"Aktive, mittelschwere bis schwere Hidradenitis suppurativa (Acne inversa)",Formes actives modérées à sévères d’hidradénite suppurée (maladie de Verneuil) ,Forme attive da moderate a gravi di hidradenitis suppurativa (malattia di Verneuil) ,Yuflyma,21480,8
Aktiver Morbus Crohn,Maladie de Crohn active,Malattia di Crohn attiva,Yuflyma,21479,8
Aktiver Morbus Crohn,Maladie de Crohn active,Malattia di Crohn attiva,Yuflyma,21480,8
Aktiver Morbus Crohn ,Maladie de Crohn active,Malattia di Crohn attiva,Abrilada,21203,8
Aktiver Morbus Crohn ,Maladie de Crohn active,Malattia di Crohn attiva,Abrilada,21266,8
Ankylosierende Spondylitis (Morbus Bechterew),Maladie de Bechterew/Spondylarthrite Ankylosante,Malattia di Bechterew/Spondilite Anchilosante,Yuflyma,21479,8
Ankylosierende Spondylitis (Morbus Bechterew),Maladie de Bechterew/Spondylarthrite Ankylosante,Malattia di Bechterew/Spondilite Anchilosante,Yuflyma,21480,8
Moderate bis schwere Colitis ulcerosa,Colite ulcéreuse modérée à grave,Colite ulcerosa da moderata a grave,Abrilada,21203,8
Moderate bis schwere Colitis ulcerosa,Colite ulcéreuse modérée à grave,Colite ulcerosa da moderata a grave,Abrilada,21266,8
Moderate bis schwere Colitis ulcerosa,Colite ulcéreuse modérée à grave,Colite ulcerosa da moderata a grave,Yuflyma,21479,8
Moderate bis schwere Colitis ulcerosa,Colite ulcéreuse modérée à grave,Colite ulcerosa da moderata a grave,Yuflyma,21480,8
Aktive polyartikuläre juvenile idiopathische Arthritis bei Kindern und Jugendlichen im Alter von 4 bis 17 Jahren ab einem Körpergewicht von ≥ 30 kg,Arthrite juvénile idiopathique polyarticulaire chez les enfants et adolescents de 4 à 17 ans avec un poids corporel ≥ 30 kg,Artrite poliarticolare idiopatica giovanile in bambini e adolescenti di età compresa tra 4 e 17 anni con peso corporeo ≥ 30 kg,Amgevita,21009,7
Austausch Referenzpräparat/Biosimilar,Substitution préparation de référence/biosimilaire,Sostituzione preparato di riferimento/biosimilare,Hyrimoz SensoReady,20969,7
 Spondylitis (Morbus Bechterew),Maladie de Bechterew/Spondylarthrite Ankylosante,Malattia di Bekhterev/Spondilite Anchilosante,Abrilada,21203,6
 Spondylitis (Morbus Bechterew),Maladie de Bechterew/Spondylarthrite Ankylosante,Malattia di Bekhterev/Spondilite Anchilosante,Abrilada,21266,6
Adenokarzinom des Pankreas,Adénocarcinome pancréatique,Adenocarcinoma del pancreas,Abraxane,20247,6
Aktive Psoriasis-Arthritis,Arthrite psoriasique,Artrite psoriasica,Apremilast Spirig HC Starterpackung,21960,6
"Aktive polyartikuläre juvenile idiopathische Arthritis bei Kindern und Jugendlichen mit einer Körperoberfläche ≥ 1.7 m2 im Alter von 4 bis 17 Jahren, denen entsprechend Fachinformation die maximale Einzeldosis von 40 mg verabreicht werden kann:","Arthrite juvénile idiopathique polyarticulaire chez les enfants ayant une surface corporelle ≥ 1,7 m2 et âgés de 4 à 17 ans, auxquels la dose unique maximale de 40 mg peut être administrée conformément à l'information professionnelle","Artrite poliarticolare idiopatica giovanile in bambini e adolescenti con una superficie corporea ≥ 1,7 m2 di età compresa tra 4 e 17 anni, ai quali può essere somministrata la dose singola massima di 40 mg in base alle informazioni professionali",Abrilada,21203,6
"Aktive polyartikuläre juvenile idiopathische Arthritis bei Kindern und Jugendlichen mit einer Körperoberfläche ≥ 1.7 m2 im Alter von 4 bis 17 Jahren, denen entsprechend Fachinformation die maximale Einzeldosis von 40 mg verabreicht werden kann:","Arthrite juvénile idiopathique polyarticulaire chez les enfants ayant une surface corporelle ≥ 1,7 m2 et âgés de 4 à 17 ans, auxquels la dose unique maximale de 40 mg peut être administrée conformément à l'information professionnelle","Artrite poliarticolare idiopatica giovanile in bambini e adolescenti con una superficie corporea ≥ 1,7 m2 di età compresa tra 4 e 17 anni, ai quali può essere somministrata la dose singola massima di 40 mg in base alle informazioni professionali",Abrilada,21266,6
Aktive rheumatoide Arthritis,Polyarthrite rhumatoïde,Artrite reumatoide,Humira,17903,6
"Aktive, mittelschwere bis schwere Hidradenitis suppurativa (Acne inversa)",Formes actives modérées à sévères d’hidradénite suppurée (maladie de Verneuil) ,Forme attive da moderate a gravi di hidradenitis suppurativa (malattia di Verneuil) ,Humira,17903,6
Ankylosierende Spondylitis (Morbus Bechterew),Maladie de Bechterew/Spondylarthrite Ankylosante,Malattia di Bekhterev/Spondilite Anchilosante,Humira,17903,6
Behandlung des metastasierenden Mammakarzinoms,Traitement du cancer du sein métastatique,Trattamento del carcinoma mammario metastatico,Abraxane,20247,6
Moderate bis schwere Colitis ulcerosa,Colite ulcéreuse modérée à grave,Colite ulcerosa da moderata a grave,Humira,17903,6
Morbus Bechterew (Ankylosierende Spondylitis),Maladie de Bechterew (Spondylarthrite Ankylosante),Morbo di Bechterew,Benepali,20871,6
"Rheumatoide Arthritis, aktive juvenile chronische Arthritis mit polyartikulärem Verlauf und Psoriasis Arthritis","Polyarthrite rhumatoïde active, de l'arthrite chronique juvénile polyarticulaire active et de l'arthrite psoriasique","Artrite reumatoide attiva, artrite giovanile poliarticolare idiopatica e artrite psoriasica",Benepali,20871,6
Rheumatoide Arthritis:,Polyarthrite rhumatoïde (PR):,Artrite reumatoide (AR),Actemra,19015,6
Schwere Plaque Psoriasis,Formes sévères de psoriasis en plaque,Psoriasi a placche severa,Benepali,20871,6
Schwere Plaque Psoriasis,Formes sévères de psoriasis en plaque,Psoriasi a placche severa,Apremilast Spirig HC Starterpackung,21960,6
Aktive systemische juvenile idiopathische Arthritis (sJIA):,Arthrite juvénile idiopathique systémique (AJIS):,Artrite Idiopatica Giovanile Sistemica (SJIA):,Ilaris,19119,5
Austausch Referenzpräparat/Biosimilar,Substitution préparation de référence/biosimilaire,Sostituzione preparato di riferimento/biosimilare,Idacio,21086,5
Cryopyrin-assoziiertes periodisches Syndrom (CAPS):,Syndromes périodiques associés à la cryopyrine (CAPS):,Sindromi periodiche associate alla criopirina (CAPS):,Ilaris,19119,5
"1L chronisch lymphatische Leukämie (CLL, Monotherapie)","Leucémie lymphoïde chronique en 1ère ligne (LLC, monothérapie)","1L Leucemia linfatica cronica (CLL, monoterapia)",Imbruvica,21011,4
Aktive Psoriasis Arthritis,Arthrite psoriasique,Artrite psoriasica,Cosentyx SensoReady,20316,4
Aktive Psoriasis-Arthritis,Arthrite psoriasique,Artrite psoriasica,Otezla Starterpackung,20374,4
Aktive ankylosierende Spondylitis/Morbus Bechterew,Spondylarthrite Ankylosante/ Maladie de Bechterew,Spondilite anchilosante/Morbo di Bechterew,Cosentyx SensoReady,20316,4
Aktive polyartikuläre juvenile idiopathische Arthritis bei Kindern und Jugendlichen ab einem Körpergewicht von ≥30 kg,L'arthrite juvénile idiopathique polyarticulaire chez les enfants et adolescents avec un poids corporel ≥ 30 kg,Artrite poliarticolare idiopatica giovanile in bambini e adolescenti con un peso corporeo ≥ 30 kg,Hulio,21095,4
Aktive polyartikuläre juvenile idiopathische Arthritis bei Kindern und Jugendlichen im Alter von 4 bis 17 Jahren,L'arthrite juvénile idiopathique polyarticulaire chez les enfants et adolescents de 4 à 17 ans,Artrite poliarticolare idiopatica giovanile in bambini e adolescenti di età compresa tra 4 e 17 anni,Humira,18538,4
Aktive rheumatoide Arthritis,Polyarthrite rhumatoïde,Artrite reumatoide,Humira,18538,4
"Aktive, mittelschwere bis schwere Hidradenitis suppurativa (Acne inversa)",Formes actives modérées à sévères d’hidradénite suppurée (maladie de Verneuil) ,Forme attive da moderate a gravi di hidradenitis suppurativa (malattia di Verneuil) ,Humira,18538,4
Aktiver Morbus Crohn,Maladie de Crohn active,Malattia di Crohn attiva,Humira,18538,4
Ankylosierende Spondylitis (Morbus Bechterew),Maladie de Bechterew/Spondylarthrite Ankylosante,Malattia di Bekhterev/Spondilite Anchilosante,Humira,18538,4
Austausch Referenzpräparat/Biosimilar,Substitution préparation de référence/biosimilaire,Sostituzione preparato di riferimento/biosimilare,Abrilada,21203,4
Austausch Referenzpräparat/Biosimilar,Substitution préparation de référence/biosimilaire,Sostituzione preparato di riferimento/biosimilare,Abrilada,21266,4
Austausch Referenzpräparat/Biosimilar,Substitution préparation de référence/biosimilaire,Sostituzione preparato di riferimento/biosimilare,Hukyndra,21452,4
Austausch Referenzpräparat/Biosimilar,Substitution préparation de référence/biosimilaire,Sostituzione preparato di riferimento/biosimilare,Yuflyma,21479,4
Austausch Referenzpräparat/Biosimilar,Substitution préparation de référence/biosimilaire,Sostituzione preparato di riferimento/biosimilare,Yuflyma,21480,4
Chronisch lymphatische Leukämie (CLL),Leucémie lymphoïde chronique (LLC),Leucemia linfatica cronica (CLL),Imbruvica,21011,4
Hämophilie A (angeborener FVIII-Mangel),Hémophilie A (déficit congénital en FVIII),Emofilia A (deficit congenito di fattore VIII),Voncento 500 I.E./1200 I.E.,20426,4
Moderate bis schwere Colitis ulcerosa,Colite ulcéreuse modérée à grave,Colite ulcerosa da moderata a grave,Humira,18538,4
Morbus Bechterew (Ankylosierende Spondylitis),Maladie de Bechterew (Spondylarthrite Ankylosante),Morbo di Bechterew,Erelzi,20750,4
Morbus Bechterew (Ankylosierende Spondylitis),Maladie de Bechterew (Spondylarthrite Ankylosante),Morbo di Bechterew,Benepali,20868,4
Morbus Waldenström (MW),Morbus Waldenström (MW),Morbus Waldenström (MW),Imbruvica,21011,4
"Rheumatoide Arthritis, aktive juvenile chronische Arthritis mit polyartikulärem Verlauf und Psoriasis Arthritis","Polyarthrite rhumatoïde active, de l'arthrite chronique juvénile polyarticulaire active et de l'arthrite psoriasique","Artrite reumatoide attiva, artrite giovanile poliarticolare idiopatica e artrite psoriasica",Erelzi,20750,4
"Rheumatoide Arthritis, aktive juvenile chronische Arthritis mit polyartikulärem Verlauf und Psoriasis Arthritis","Polyarthrite rhumatoïde active, de l'arthrite chronique juvénile polyarticulaire active et de l'arthrite psoriasique","Artrite reumatoide attiva, artrite giovanile poliarticolare idiopatica e artrite psoriasica",Benepali,20868,4
Schwere Plaque Psoriasis,Formes sévères de psoriasis en plaque,Psoriasi a placche severa,Cosentyx SensoReady,20316,4
Schwere Plaque Psoriasis,Formes sévères de psoriasis en plaque,Psoriasi a placche severa,Otezla Starterpackung,20374,4
Schwere Plaque Psoriasis,Formes sévères de psoriasis en plaque,Psoriasi a placche severa,Erelzi,20750,4
Schwere Plaque Psoriasis,Formes sévères de psoriasis en plaque,Psoriasi a placche severa,Benepali,20868,4
Von Willebrand Syndrom,Maladie de von Willebrand,Malattia di von Willebrand (VWD),Voncento 500 I.E./1200 I.E.,20426,4
Aktive Rheumatoide Arthritis,Polyarthrite rhumatoïde,Artrite reumatoide attiva,Inflectra,20458,3
Austausch Referenzpräparat/Biosimilar,Substitution préparation de référence/biosimilaire,Sostituzione preparato di riferimento/biosimilare,Benepali,20871,3
Austausch Referenzpräparat/Biosimilar,Substitution préparation de référence/biosimilaire,Sostituzione preparato di riferimento/biosimilare,Nepexto,21395,3
Austausch Referenzpräparat/Biosimilar,Substitution préparation de référence/biosimilaire,Sostituzione preparato di riferimento/biosimilare,Hukyndra,21453,3
Kombination Rituximab mit Polatuzumab vedotin und Bendamustin bei rezidiviertem oder refraktärem diffusem grosszelligem B-Zell-Lymphom (DLBCL),Association de Rituximab avec Polatuzumab vedotin et la bendamustine en cas de lymphome diffus à grandes cellules B (LDGCB) en rechute ou réfractaire,Combinazione di Rituximab con Polatuzumab vedotin e bendamustina nel linfoma diffuso a grandi cellule B (DLBCL) recidivato o refrattario,Ruxience,21862,3
Kyprolis in Kombination mit Dexamethason alleine (Kd),Kyprolis en association avec la dexaméthasone seule (Kd),Kyprolis in combinazione con solo Desametasone (Kd),Kyprolis,20481,3
Moderate bis schwere Colitis ulcerosa,Colite ulcéreuse modérée à grave,Colite ulcerosa da moderata a grave,Inflectra,20458,3
Morbus Bechterew (Ankylosierende Spondylitis),Maladie de Bechterew (Spondylarthrite Ankylosante),Morbo di Bechterew,Nepexto,21395,3
Morbus Bechterew/Ankylosierende Spondylitis,Maladie de Bechterew/Spondylarthrite Ankylosante,Morbo di Bechterew/Spondilite anchilosante,Inflectra,20458,3
Polyartikulärer juveniler idiopathischer Arthritis (pJIA):,Arthrite juvénile idiopathique polyarticulaire (AJIp):,Artrite idiopatica giovanile poliarticolare (AIGp),Actemra,19015,3
Polyartikulärer juveniler idiopathischer Arthritis:,Arthrite juvénile idiopathique systémique (AJIs):,Artrite idiopatica giovanile sistemica (SJIA),Actemra,19015,3
"Rheumatoide Arthritis, aktive juvenile chronische Arthritis mit polyartikulärem Verlauf und Psoriasis Arthritis","Polyarthrite rhumatoïde active, de l'arthrite chronique juvénile polyarticulaire active et de l'arthrite psoriasique","Artrite reumatoide attiva, artrite giovanile poliarticolare idiopatica e artrite psoriasica",Nepexto,21395,3
Rituximab,Rituximab,Rituximab,Ruxience,21862,3
Schwere Plaque Psoriasis,Formes sévères de psoriasis en plaque,Psoriasi a placche severa,Nepexto,21395,3
Systemische juvenile idiopathische Arthritis (sJIA):,Arthrite juvénile idiopathique systémique (AJIs):,Artrite idiopatica giovanile sistemica (AIGs),Actemra,19015,3
Systemische juvenile idiopathische Arthritis:,Arthrite juvénile idiopathique polyarticulaire (AJIp):,Artrite idiopatica giovanile poliarticolare (AIGp),Actemra,19015,3
1L CLL (Monotherapie),1L LLC (Monothérapie),1L CLL (Monoterapia),Calquence,21177,2
2L+ CLL (Monotherapie),2L+ LLC (Monothérapie),2L+ CLL (Monoterapia),Calquence,21177,2
Adenokarzinom des Pankreas,Adénocarcinome pancréatique,Adenocarcinoma del pancreas,Paclitaxel-Albumin Spirig HC,21836,2
Aktive Psoriasis-Arthritis,Arthrite psoriasique,Artrite psoriasica,Apremilast Leman Starterpackung,21982,2
Aktive Psoriasis-Arthritis,Arthrite psoriasique,Artrite psoriasica,Apremilast Devatis Starterpackung,21987,2
Aktive Psoriasis-Arthritis,Arthrite psoriasique,Artrite psoriasica,Apremilast-Mepha Starterpackung,21988,2
Aktive Rheumatoide Arthritis,Polyarthrite rhumatoïde,Artrite reumatoide attiva,Remsima,20402,2
Aktive Rheumatoide Arthritis,Polyarthrite rhumatoïde,Artrite reumatoide attiva,Remsima (PI),21606,2
Aktive polyartikuläre juvenile idiopathische Arthritis bei Kindern und Jugendlichen ab einem Körpergewicht von ≥ 30 kg,L'arthrite juvénile idiopathique polyarticulaire chez les enfants et adolescents avec un poids corporel ≥ 30 kg,Artrite poliarticolare idiopatica giovanile in bambini e adolescenti con un peso corporeo ≥ 30 kg,Abrilada,21203,2
Aktive polyartikuläre juvenile idiopathische Arthritis bei Kindern und Jugendlichen ab einem Körpergewicht von ≥ 30 kg,L'arthrite juvénile idiopathique polyarticulaire chez les enfants et adolescents avec un poids corporel ≥ 30 kg,Artrite poliarticolare idiopatica giovanile in bambini e adolescenti con un peso corporeo ≥ 30 kg,Abrilada,21266,2
Aktive polyartikuläre juvenile idiopathische Arthritis bei Kindern und Jugendlichen ab einem Körpergewicht von ≥30 kg,L'arthrite juvénile idiopathique polyarticulaire chez les enfants et adolescents avec un poids corporel ≥ 30 kg,Artrite psoriasica,Idacio,21086,2
Ankylosierende Spondylitis (Morbus Bechterew),Maladie de Bechterew/Spondylarthrite Ankylosante,Malattia di Bechterew/Spondilite Anchilosante,Abrilada,21203,2
Ankylosierende Spondylitis (Morbus Bechterew),Maladie de Bechterew/Spondylarthrite Ankylosante,Malattia di Bechterew/Spondilite Anchilosante,Abrilada,21266,2
Austausch Referenzpräparat/Biosimilar,Substitution préparation de référence/biosimilaire,Sostituzione preparato di riferimento/biosimilare,Inflectra,20458,2
Austausch Referenzpräparat/Biosimilar,Substitution préparation de référence/biosimilaire,Sostituzione preparato di riferimento/biosimilare,Erelzi,20750,2
Austausch Referenzpräparat/Biosimilar,Substitution préparation de référence/biosimilaire,Sostituzione preparato di riferimento/biosimilare,Benepali,20868,2
Austausch Referenzpräparat/Biosimilar,Substitution préparation de référence/biosimilaire,Sostituzione preparato di riferimento/biosimilare,Nepexto,21396,2
Behandlung des metastasierenden Mammakarzinoms,Traitement du cancer du sein métastatique,Trattamento del carcinoma mammario metastatico,Paclitaxel-Albumin Spirig HC,21836,2
Chronisch lymphatische Leukämie (CLL),Leucémie lymphoïde chronique (LLC),Leucemia linfatica cronica (CLL),Imbruvica,20330,2
Lokal fortgeschrittenes oder metastasiertes Urothelkarzinom,Carcinome urothélial localement avancé ou métastatique,Carcinoma uroteliale localmente avanzato o metastatico,Bavencio,20694,2
Lupusnephritis (LN),Néphrite lupique (NL),Nefrite lupica (NL),Benlysta,19903,2
Lupusnephritis (LN),Néphrite lupique (NL),Nefrite lupica (NL),Benlysta,20822,2
Metastasiertes Merkelzellkarzinom,Carcinome à cellules de Merkel métastatique,Carcinoma a cellule di Merkel metastatico,Bavencio,20694,2
Moderate bis schwere Colitis ulcerosa,Colite ulcéreuse modérée à grave,Colite ulcerosa da moderata a grave,Remsima,20402,2
Moderate bis schwere Colitis ulcerosa,Colite ulcéreuse modérée à grave,Colite ulcerosa da moderata a grave,Remsima (PI),21606,2
Moderate bis schwere Colitis ulcerosa:,Colite ulcéreuse modérée à sévère:,Colite ulcerosa moderata a grave:,Simponi Fertigspritze,19300,2
Moderate bis schwere Colitis ulcerosa:,Colite ulcéreuse modérée à sévère:,Colite ulcerosa moderata a grave:,Simponi Pen,19313,2
Morbus Bechterew (Ankylosierende Spondylitis),Maladie de Bechterew (Spondylarthrite Ankylosante),Morbo di Bechterew,Enbrel,18601,2
Morbus Bechterew (Ankylosierende Spondylitis),Maladie de Bechterew (Spondylarthrite Ankylosante),Morbo di Bechterew,Erelzi SensoReady,20751,2
Morbus Bechterew (Ankylosierende Spondylitis),Maladie de Bechterew (Spondylarthrite Ankylosante),Morbo di Bechterew,Nepexto,21396,2
Morbus Bechterew/ Ankylosierende Spondylitis (AS):,Maladie de Bechterew/ Spondylarthrite ankylosante (SA):,Morbo di Bechterew / spondilite anchilosante (SA):,Simponi Fertigspritze,19300,2
Morbus Bechterew/ Ankylosierende Spondylitis (AS):,Maladie de Bechterew/ Spondylarthrite ankylosante (SA):,Morbo di Bechterew / spondilite anchilosante (SA):,Simponi Pen,19313,2
Morbus Bechterew/Ankylosierende Spondylitis,Maladie de Bechterew/Spondylarthrite Ankylosante,Morbo di Bechterew/Spondilite anchilosante,Remsima,20402,2
Morbus Bechterew/Ankylosierende Spondylitis,Maladie de Bechterew/Spondylarthrite Ankylosante,Morbo di Bechterew/Spondilite anchilosante,Remsima (PI),21606,2
Morbus Waldenström (MW),Morbus Waldenström (MW),Morbus Waldenström (MW),Imbruvica,20330,2
"Rheumatoide Arthritis, aktive juvenile chronische Arthritis mit polyartikulärem Verlauf und Psoriasis Arthritis","Polyarthrite rhumatoïde active, l'arthrite chronique juvénile polyarticulaire active et l'arthrite psoriasique","Artrite reumatoide attiva, artrite giovanile poliarticolare idiopatica e artrite psoriasica",Enbrel,18601,2
"Rheumatoide Arthritis, aktive juvenile chronische Arthritis mit polyartikulärem Verlauf und Psoriasis Arthritis","Polyarthrite rhumatoïde active, de l'arthrite chronique juvénile polyarticulaire active et de l'arthrite psoriasique","Artrite reumatoide attiva, artrite giovanile poliarticolare idiopatica e artrite psoriasica",Erelzi SensoReady,20751,2
"Rheumatoide Arthritis, aktive juvenile chronische Arthritis mit polyartikulärem Verlauf und Psoriasis Arthritis","Polyarthrite rhumatoïde active, de l'arthrite chronique juvénile polyarticulaire active et de l'arthrite psoriasique","Artrite reumatoide attiva, artrite giovanile poliarticolare idiopatica e artrite psoriasica",Nepexto,21396,2
Rheumatoide Arthritis:,Polyarthrite rhumatoïde active:,Artrite reumatoide attiva:,Simponi Fertigspritze,19300,2
Rheumatoide Arthritis:,Polyarthrite rhumatoïde active:,Artrite reumatoide attiva:,Simponi Pen,19313,2
Rheumatoide Arthritis:,Polyarthrite rhumatoïde (PR):,Artrite reumatoide (AR),Actemra,20240,2
Rheumatoide Arthritis:,Polyarthrite rhumatoïde (PR):,Artrite reumatoide (AR),Actemra,20893,2
Schwere Plaque Psoriasis,Formes sévères de psoriasis en plaque,Psoriasi a placche severa,Enbrel,18601,2
Schwere Plaque Psoriasis,Formes sévères de psoriasis en plaque,Psoriasi a placche severa,Erelzi SensoReady,20751,2
Schwere Plaque Psoriasis,Formes sévères de psoriasis en plaque,Psoriasi a placche severa,Nepexto,21396,2
Schwere Plaque Psoriasis,Formes sévères de psoriasis en plaque,Psoriasi a placche severa,Apremilast Leman Starterpackung,21982,2
Schwere Plaque Psoriasis,Formes sévères de psoriasis en plaque,Psoriasi a placche severa,Apremilast Devatis Starterpackung,21987,2
Schwere Plaque Psoriasis,Formes sévères de psoriasis en plaque,Psoriasi a placche severa,Apremilast-Mepha Starterpackung,21988,2
Systemischer Lupus erythematodes (SLE),Lupus érythémateux disséminé (LED),Lupus eritematoso sistemico (LES),Benlysta,19903,2
Systemischer Lupus erythematodes (SLE),Lupus érythémateux disséminé (LED),Lupus eritematoso sistemico (LES),Benlysta,20822,2
Aktive Psoriasis Arthritis,Arthrite psoriasique,Artrite psoriasica,Cosentyx UnoReady,21385,1
Aktive Rheumatoide Arthritis,Polyarthrite rhumatoïde,Artrite reumatoide attiva,Remicade,17463,1
Aktive Rheumatoide Arthritis,Polyarthrite rhumatoïde active,Artrite reumatoide attiva,Veblocema,21322,1
Aktive Rheumatoide Arthritis,Polyarthrite rhumatoïde,Artrite reumatoide attiva,Remicade (PI),21536,1
Austausch Referenzpräparat/Biosimilar,Substitution préparation de référence/biosimilaire,Sostituzione preparato di riferimento/biosimilare,Remsima,20402,1
Austausch Referenzpräparat/Biosimilar,Substitution préparation de référence/biosimilaire,Sostituzione preparato di riferimento/biosimilare,Erelzi SensoReady,20751,1
Austausch Referenzpräparat/Biosimilar,Substitution préparation de référence/biosimilaire,Sostituzione preparato di riferimento/biosimilare,Remsima (PI),21606,1
Moderate bis schwere Colitis ulcerosa,Colite ulcéreuse modérée à grave,Colite ulcerosa da moderata a grave,Remicade,17463,1
Moderate bis schwere Colitis ulcerosa,Colite ulcéreuse modérée à sévère,Colite ulcerosa da moderata a grave,Veblocema,21322,1
Moderate bis schwere Colitis ulcerosa,Colite ulcéreuse modérée à grave,Colite ulcerosa da moderata a grave,Remicade (PI),21536,1
Morbus Bechterew (Ankylosierende Spondylitis),Maladie de Bechterew (Spondylarthrite Ankylosante),Morbo di Bechterew,Enbrel,17495,1
Morbus Bechterew (Ankylosierende Spondylitis),Maladie de Bechterew (Spondylarthrite Ankylosante),Morbo di Bechterew,Enbrel MyClic,19230,1
Morbus Bechterew/Ankylosierende Spondylitis,Maladie de Bechterew/Spondylarthrite Ankylosante,Morbo di Bechterew/Spondilite anchilosante,Remicade,17463,1
Morbus Bechterew/Ankylosierende Spondylitis,Maladie de Bechterew/Spondylarthrite Ankylosante,Morbo di Bechterew/Spondilite anchilosante,Remicade (PI),21536,1
Polyartikuläre juvenile idiopathische Arthritis:,Polyarthrite chronique juvénile:,Artrite idiopatica giovanile poliarticolare:,Orencia,18539,1
Polyartikulärer juveniler idiopathischer Arthritis (pJIA):,Arthrite juvénile idiopathique polyarticulaire (AJIp):,Artrite idiopatica giovanile poliarticolare (AIGp),Actemra,20240,1
Polyartikulärer juveniler idiopathischer Arthritis (pJIA):,Arthrite juvénile idiopathique polyarticulaire (AJIp):,Artrite idiopatica giovanile poliarticolare (AIGp),Actemra,20893,1
Polyartikulärer juveniler idiopathischer Arthritis:,Arthrite juvénile idiopathique systémique (AJIs):,Artrite idiopatica giovanile sistemica (SJIA),Actemra,20240,1
Polyartikulärer juveniler idiopathischer Arthritis:,Arthrite juvénile idiopathique systémique (AJIs):,Artrite idiopatica giovanile sistemica (SJIA),Actemra,20893,1
"Rheumatoide Arthritis, aktive juvenile chronische Arthritis mit polyartikulärem Verlauf und Psoriasis Arthritis","Polyarthrite rhumatoïde active, l'arthrite chronique juvénile polyarticulaire active et l'arthrite psoriasique","Artrite reumatoide attiva, artrite giovanile poliarticolare idiopatica e artrite psoriasica",Enbrel,17495,1
"Rheumatoide Arthritis, aktive juvenile chronische Arthritis mit polyartikulärem Verlauf und Psoriasis Arthritis","Polyarthrite rhumatoïde active, l'arthrite chronique juvénile polyarticulaire active et l'arthrite psoriasique","Artrite reumatoide attiva, artrite giovanile poliarticolare idiopatica e artrite psoriasica",Enbrel MyClic,19230,1
Rheumatoide Arthritis:,Polyarthrite rhumatoïde:,Artrite reumatoide attiva:,Orencia,18539,1
Schwere Plaque Psoriasis,Formes sévères de psoriasis en plaque,Psoriasi a placche severa,Enbrel,17495,1
Schwere Plaque Psoriasis,Formes sévères de psoriasis en plaque,Psoriasi a placche severa,Enbrel MyClic,19230,1
Schwere Plaque Psoriasis,Formes sévères de psoriasis en plaque,Psoriasi a placche severa,Cosentyx UnoReady,21385,1
Systemische juvenile idiopathische Arthritis (sJIA):,Arthrite juvénile idiopathique systémique (AJIs):,Artrite idiopatica giovanile sistemica (AIGs),Actemra,20240,1
Systemische juvenile idiopathische Arthritis (sJIA):,Arthrite juvénile idiopathique systémique (AJIs):,Artrite idiopatica giovanile sistemica (AIGs),Actemra,20893,1
Systemische juvenile idiopathische Arthritis:,Arthrite juvénile idiopathique polyarticulaire (AJIp):,Artrite idiopatica giovanile poliarticolare (AIGp),Actemra,20240,1
Systemische juvenile idiopathische Arthritis:,Arthrite juvénile idiopathique polyarticulaire (AJIp):,Artrite idiopatica giovanile poliarticolare (AIGp),Actemra,20893,1
